,Code,nt,ns,nr,nC,nC',nHeNe,nD,nd,ne,nF,nF',ng,nh,ni,Vd,Ve,nFC,nF'c',A0,A1,A2,A3,A4,A5,PdC,Ped,PgF,P'dC',P'ed,P'gF',dPFe,dPgF,RC,RA,DW,DA,alpha1,alpha2,HK,FA,Density,Frequency,Price
H-FK61,497816,1.4901,1.49182,1.49407,1.49513,1.49543,1.49571,1.49694,1.497,1.49845,1.50123,1.50157,1.50449,1.50719,1.51173,81.61,81.2,0.00609,0.006139,2.22E+00,-4.94E-03,9.15E-03,-1.27E-04,2.82E-05,-1.32E-06,0.3054,0.2386,0.5355,0.2547,0.2368,0.4758,0.0108,0.0287,1,3,1,5,131,157,372,343,3.7,MA,83
H-FK71,457903,1.45072,1.45218,1.45406,1.45495,1.4552,1.45543,1.45645,1.4565,1.45771,1.46001,1.46029,1.4627,1.46492,1.46864,90.27,89.84,0.005057,0.005095,2.10E+00,-5.02E-03,6.53E-03,1.31E-04,-6.37E-06,1.93E-07,0.3065,0.2393,0.5317,0.2552,0.2374,0.4728,0.0143,0.0398,1,2,1,2,136,167,344,325,3.63,A,203
H-QK1,470669,1.46202,1.46427,1.46703,1.46829,1.46864,1.46897,1.4704,1.47047,1.47214,1.47533,1.47572,1.47907,1.48215,1.48736,66.88,66.72,0.007035,0.007077,2.14E+00,-8.94E-03,9.67E-03,-6.31E-05,2.63E-05,-1.27E-06,0.3099,0.2374,0.5316,0.2586,0.236,0.4734,0.0002,-0.0002,1,3,5,5,73,85,374,83,2.3,B,64
H-QK3L,487704,1.47913,1.48137,1.48411,1.48535,1.48569,1.48601,1.48743,1.48749,1.48914,1.49227,1.49266,1.49594,1.49894,1.50401,70.44,70.24,0.006921,0.006964,2.19E+00,-9.69E-03,9.15E-03,6.47E-05,9.19E-06,-4.71E-07,0.3091,0.2387,0.53,0.2579,0.2372,0.4707,0.0008,0.0042,1,3,2,4,92,102,520,93,2.43,MA,19
K4A,508611,1.49825,1.50079,1.50398,1.50546,1.50587,1.50625,1.50795,1.50802,1.51,1.51378,1.51425,1.51825,1.52195,1.52827,61.05,60.87,0.008321,0.008378,2.24E+00,-8.92E-03,1.26E-02,-2.99E-04,5.96E-05,-2.59E-06,0.3077,0.238,0.5372,0.2566,0.2363,0.4774,-0.0021,-0.0045,1,3,1,2,47,52,524,65,2.43,C,41
H-K1,500621,1.49047,1.49282,1.49581,1.49722,1.49761,1.49797,1.4996,1.49967,1.50159,1.50527,1.50572,1.50961,1.51321,1.51935,62.07,61.85,0.00805,0.00811,2.22E+00,-8.54E-03,1.04E-02,2.73E-04,-1.59E-05,9.73E-07,0.3043,0.2385,0.5391,0.254,0.2367,0.4797,0.0013,-0.0009,2,1,2,1,87,104,440,91,2.47,C,64
H-K2,500660,1.49143,1.49383,1.49678,1.49813,1.4985,1.49885,1.5004,1.50047,1.50228,1.50571,1.50613,1.50972,1.51302,1.51861,66.02,65.85,0.00758,0.007628,2.23E+00,-1.01E-02,9.55E-03,3.10E-04,-2.84E-05,1.64E-06,0.3091,0.2383,0.5286,0.2576,0.2368,0.4702,-0.0011,-0.0046,1,1,2,1,55,65,534,83,2.42,C,31
H-K3,505647,1.49528,1.49778,1.50083,1.50222,1.50261,1.50297,1.50456,1.50463,1.50649,1.51002,1.51045,1.51416,1.51759,1.5234,64.72,64.55,0.007797,0.007846,2.24E+00,-1.01E-02,1.09E-02,-5.77E-05,2.69E-05,-1.16E-06,0.3091,0.2386,0.5315,0.2575,0.2371,0.4734,-0.0016,-0.004,2,3,3,4,58,70,548,81,2.4,C,36
H-K5,510634,1.50069,1.50312,1.50618,1.5076,1.508,1.50837,1.51,1.51007,1.51199,1.51565,1.51611,1.51999,1.52356,1.52962,63.36,63.13,0.00805,0.00811,2.25E+00,-8.94E-03,1.14E-02,-7.33E-05,3.50E-05,-1.80E-06,0.3068,0.2384,0.539,0.2552,0.2366,0.4783,-0.0005,0.0012,3,1,3,1,75,89,487,84,2.47,C,35
H-K6,511605,1.50152,1.50394,1.50707,1.50855,1.50896,1.50934,1.51105,1.51112,1.51314,1.517,1.51748,1.52159,1.5254,1.53188,60.46,60.21,0.008454,0.008523,2.25E+00,-7.59E-03,1.26E-02,-2.29E-04,5.80E-05,-2.84E-06,0.304,0.2389,0.5427,0.2534,0.237,0.482,0,0,3,1,2,1,85,99,464,88,2.53,C,35
H-K7,515606,1.50513,1.50754,1.5107,1.51218,1.51259,1.51298,1.5147,1.51478,1.51681,1.52067,1.52116,1.52528,1.5291,1.53561,60.63,60.33,0.00849,0.008566,2.26E+00,-6.94E-03,1.34E-02,-4.06E-04,7.64E-05,-3.52E-06,0.3062,0.2391,0.5432,0.2557,0.237,0.4812,-0.0019,0.0008,3,1,1,1,85,100,468,85,2.54,C,30
H-K8,516568,1.50586,1.50839,1.51169,1.51326,1.5137,1.51411,1.51594,1.51602,1.51818,1.52235,1.52286,1.52731,1.53144,1.53853,56.79,56.57,0.009086,0.00916,2.26E+00,-7.71E-03,1.30E-02,-3.10E-05,3.17E-05,-1.27E-06,0.3038,0.2377,0.5459,0.2533,0.2358,0.4858,0.0003,-0.0031,3,1,2,1,87,97,435,75,2.58,C,29
H-K9L,517642,1.50736,1.50983,1.51289,1.51432,1.51472,1.51509,1.51673,1.5168,1.51872,1.52237,1.52282,1.52667,1.53022,1.53626,64.2,64,0.00805,0.008105,2.27E+00,-9.92E-03,1.04E-02,3.12E-04,-2.65E-05,1.65E-06,0.308,0.2387,0.5341,0.2569,0.2371,0.475,-0.0014,-0.0023,1,1,3,1,76,95,595,100,2.52,MA,10
H-K9LGT,517642,1.50736,1.50983,1.51289,1.51432,1.51472,1.51509,1.51673,1.5168,1.51872,1.52237,1.52282,1.52667,1.53022,1.53626,64.2,64,0.00805,0.008105,2.27E+00,-9.92E-03,1.04E-02,3.12E-04,-2.65E-05,1.65E-06,0.308,0.2387,0.5341,0.2569,0.2371,0.475,-0.0014,-0.0023,1,1,3,1,76,95,595,100,2.52,MA,10
H-K10,518590,1.50826,1.51073,1.51397,1.51549,1.51592,1.51632,1.5181,1.51818,1.52027,1.52428,1.52479,1.52909,1.53308,1.53991,58.95,58.69,0.00879,0.008865,2.27E+00,-6.86E-03,1.41E-02,-4.98E-04,9.51E-05,-4.51E-06,0.3055,0.2379,0.5466,0.2548,0.2359,0.4845,-0.0008,-0.0013,3,1,3,1,90,108,456,78,2.5,B,26
H-K11,526602,1.51652,1.51898,1.5222,1.52371,1.52414,1.52454,1.5263,1.52638,1.52847,1.53246,1.53296,1.53721,1.54116,1.5479,60.16,59.9,0.00875,0.008823,2.30E+00,-7.53E-03,1.30E-02,-1.43E-04,4.31E-05,-1.86E-06,0.3051,0.2389,0.5429,0.2539,0.2369,0.4817,-0.0009,-0.0004,3,1,2,1,94,110,510,90,2.69,C,26
H-K12,534555,1.52296,1.52558,1.52903,1.53068,1.53114,1.53157,1.5335,1.53359,1.53588,1.5403,1.54085,1.54558,1.54998,1.55756,55.47,55.17,0.009619,0.009713,2.32E+00,-8.27E-03,1.30E-02,2.69E-04,-5.46E-06,6.24E-07,0.3025,0.2381,0.5489,0.2522,0.2358,0.487,0.0001,-0.0023,4,1,2,1,92,107,462,85,2.72,C,27
H-K50,522595,1.51254,1.51505,1.51829,1.51982,1.52024,1.52064,1.52241,1.52249,1.52458,1.5286,1.5291,1.53339,1.53739,1.54422,59.48,59.22,0.008784,0.008858,2.28E+00,-8.00E-03,1.31E-02,-2.24E-04,6.16E-05,-2.94E-06,0.3043,0.2384,0.5455,0.2537,0.2364,0.4845,0.0001,0.0011,3,1,2,3,79,96,537,81,2.52,B,13
H-K51,523586,1.51305,1.51558,1.51883,1.52037,1.5208,1.5212,1.52299,1.52307,1.5252,1.52929,1.5298,1.53415,1.5382,1.54509,58.64,58.36,0.00892,0.009,2.29E+00,-8.97E-03,1.15E-02,3.08E-04,-7.94E-06,2.92E-07,0.3027,0.2388,0.5448,0.2522,0.2367,0.4833,0.0008,-0.001,2,1,2,1,80,99,541,82,2.53,A,12
H-BaK1,530605,1.52035,1.52286,1.52608,1.52761,1.52803,1.52843,1.5302,1.53028,1.53237,1.53638,1.53688,1.54114,1.54509,1.55181,60.47,60.17,0.00877,0.008847,2.31E+00,-8.73E-03,1.20E-02,1.60E-04,7.00E-06,-3.34E-07,0.3046,0.2381,0.5429,0.2542,0.236,0.4816,0.0006,0.0002,1,1,1,1,73,90,486,85,2.74,B,47
H-BaK2,540597,1.52978,1.53232,1.53564,1.53721,1.53765,1.53806,1.53988,1.53996,1.54212,1.54625,1.54677,1.55117,1.55526,1.56224,59.72,59.45,0.009041,0.00912,2.34E+00,-7.88E-03,1.35E-02,-1.42E-04,4.62E-05,-2.08E-06,0.304,0.2384,0.5444,0.2535,0.2364,0.4827,0.0005,0.0004,1,2,1,1,80,94,540,87,2.84,A,15
H-BaK3,547628,1.53666,1.53927,1.54257,1.54411,1.54453,1.54493,1.5467,1.54678,1.54886,1.55282,1.55332,1.5575,1.56137,1.56791,62.78,62.44,0.00871,0.00879,2.36E+00,-9.51E-03,1.28E-02,-8.29E-05,3.56E-05,-1.74E-06,0.3065,0.2388,0.5374,0.256,0.2366,0.4757,-0.0008,-0.0014,1,3,1,2,62,80,530,,2.84,B,25
H-BaK4,552634,1.54234,1.54498,1.54828,1.54981,1.55023,1.55063,1.5524,1.55248,1.55456,1.55853,1.55902,1.5632,1.56705,1.57358,63.37,63.1,0.008719,0.008788,2.38E+00,-1.12E-02,1.08E-02,5.37E-04,-4.86E-05,2.43E-06,0.3062,0.2386,0.5356,0.256,0.2367,0.4756,0.0002,-0.0022,1,2,3,3,61,76,550,108,2.9,B,22
H-BaK5,561583,1.54997,1.55262,1.55611,1.55777,1.55823,1.55867,1.5606,1.56069,1.56298,1.56738,1.56793,1.57262,1.57697,1.5844,58.34,58.07,0.00961,0.009694,2.40E+00,-8.14E-03,1.42E-02,-1.32E-05,3.09E-05,-1.33E-06,0.3037,0.2384,0.5453,0.2531,0.2363,0.4839,0.0001,-0.001,1,1,1,2,76,88,542,106,3.01,B,21
H-BaK6,564608,1.55333,1.55597,1.55943,1.56105,1.5615,1.56192,1.5638,1.56388,1.5661,1.57033,1.57086,1.57535,1.57952,1.58633,60.76,60.5,0.00928,0.009357,2.40E+00,-6.89E-03,1.71E-02,-1.19E-03,2.11E-04,-1.19E-05,0.305,0.2392,0.5409,0.2544,0.2373,0.4799,-0.0007,-0.0013,1,3,1,2,60,77,506,107,3.05,A,16
H-BaK7,569560,1.55753,1.56031,1.564,1.56575,1.56624,1.5667,1.56874,1.56883,1.57125,1.5759,1.57648,1.58148,1.58615,1.59418,56.04,55.78,0.01015,0.010242,2.42E+00,-7.63E-03,1.66E-02,-5.21E-04,1.06E-04,-4.86E-06,0.3034,0.2384,0.545,0.2529,0.2363,0.4884,-0.001,-0.0003,1,1,1,1,72,90,578,117,2.83,MA,9
H-BaK8,573575,1.56148,1.5642,1.56778,1.56948,1.56996,1.57041,1.57241,1.5725,1.57487,1.57944,1.58001,1.58488,1.58941,1.59715,57.49,57.2,0.009959,0.010051,2.43E+00,-8.73E-03,1.39E-02,2.39E-04,1.03E-06,1.02E-07,0.3028,0.2382,0.5462,0.2524,0.236,0.4845,0.0007,-0.0016,1,3,1,2,74,89,530,112,3.18,A,17
H-ZK1,569630,1.55835,1.56109,1.56452,1.56611,1.56655,1.56697,1.5688,1.56888,1.57104,1.57515,1.57566,1.58,1.58402,1.59084,62.96,62.74,0.009036,0.009102,2.43E+00,-1.08E-02,1.28E-02,9.25E-05,1.34E-05,-5.39E-07,0.3066,0.239,0.5367,0.256,0.2373,0.4768,-0.0007,-0.0017,2,3,3,4,61,75,534,116,3.06,C,24
H-ZK2,583595,1.57206,1.57485,1.57845,1.58015,1.58062,1.58107,1.58304,1.58313,1.58547,1.58996,1.59052,1.59528,1.5997,1.60722,59.46,59.19,0.009807,0.009892,2.47E+00,-1.02E-02,1.34E-02,3.29E-04,-1.22E-05,6.59E-07,0.3038,0.2387,0.5426,0.2537,0.2367,0.4813,0.0006,-0.0019,1,3,1,6,61,78,559,114,3.24,C,18
H-ZK3,589613,1.57815,1.58094,1.58451,1.58619,1.58666,1.5871,1.58904,1.58913,1.59142,1.59581,1.59635,1.601,1.60528,1.61258,61.25,61.01,0.009618,0.009694,2.49E+00,-1.04E-02,1.33E-02,3.19E-04,-1.89E-05,1.19E-06,0.3058,0.2385,0.5396,0.255,0.2367,0.4797,-0.0006,-0.0018,1,3,2,3,52,71,615,113,3.26,MA,8
H-ZK4,609589,1.59727,1.60012,1.60388,1.60567,1.60617,1.60663,1.60872,1.60881,1.61128,1.61601,1.6166,1.62163,1.6263,1.63426,58.86,58.57,0.010344,0.010437,2.54E+00,-8.83E-03,1.59E-02,-5.14E-05,3.62E-05,-1.50E-06,0.3036,0.2388,0.5437,0.2529,0.2367,0.4823,-0.0003,-0.0018,1,3,1,3,63,79,516,127,3.53,B,23
H-ZK5,611558,1.59921,1.60206,1.60597,1.60785,1.60838,1.60887,1.61107,1.61117,1.61378,1.61881,1.61944,1.62479,1.62984,1.63844,55.77,55.5,0.010958,0.01106,2.54E+00,-5.76E-03,1.96E-02,-8.13E-04,1.38E-04,-6.17E-06,0.3026,0.2383,0.5457,0.2522,0.2361,0.4837,-0.0001,-0.005,1,3,1,6,86,99,521,169,3.58,C,26
H-ZK6,613586,1.60103,1.60394,1.60774,1.60954,1.61005,1.61052,1.61262,1.61272,1.61521,1.62,1.6206,1.6257,1.63044,1.63853,58.58,58.3,0.01046,0.010552,2.56E+00,-9.79E-03,1.54E-02,1.30E-04,1.76E-05,-7.13E-07,0.3037,0.2384,0.5449,0.2532,0.2364,0.4833,0.0001,-0.001,1,3,2,3,63,79,516,126,3.54,A,13
H-ZK7,613606,1.60161,1.60452,1.60825,1.61001,1.6105,1.61096,1.613,1.61309,1.61551,1.62013,1.6207,1.62558,1.6301,1.63778,60.58,60.34,0.01012,0.010201,2.56E+00,-1.09E-02,1.41E-02,3.79E-04,-2.42E-05,1.42E-06,0.3047,0.2386,0.5384,0.2542,0.2367,0.4783,0,-0.0041,1,3,3,6,61,80,560,159,3.51,A,8
H-ZK8,614551,1.60192,1.60484,1.60879,1.61068,1.61121,1.61171,1.61395,1.61405,1.6167,1.62182,1.62246,1.62796,1.63309,1.64189,55.12,54.84,0.011141,0.011246,2.56E+00,-7.66E-03,1.76E-02,-2.05E-04,6.81E-05,-3.07E-06,0.3024,0.2379,0.551,0.2525,0.2356,0.489,0,-0.0008,1,3,1,6,86,98,600,173,3.58,B,21
H-ZK9B,620603,1.60868,1.61164,1.61547,1.61727,1.61777,1.61824,1.62032,1.62041,1.62286,1.62755,1.62813,1.63312,1.63775,1.64563,60.34,60.1,0.010281,0.010363,2.58E+00,-9.59E-03,1.72E-02,-5.08E-04,1.01E-04,-4.80E-06,0.3054,0.2383,0.5417,0.2547,0.2364,0.4814,-0.0006,-0.0013,1,3,3,4,62,77,574,145,3.58,MA,8
H-ZK10,622567,1.60996,1.61294,1.61689,1.61877,1.61929,1.61979,1.622,1.6221,1.6247,1.62974,1.63037,1.63575,1.64075,1.64922,56.71,56.38,0.01097,0.01108,2.58E+00,-8.73E-03,1.76E-02,-3.08E-04,8.88E-05,-4.74E-06,0.3034,0.2375,0.5479,0.2531,0.2351,0.4856,0.0005,-0.0012,1,3,1,3,65,75,598,139,3.63,B,14
H-ZK10L,623569,,,1.6176,1.61949,1.62001,1.62051,1.6227,1.6228,1.62541,1.63043,1.63106,1.63644,1.64143,1.64999,56.91,56.62,0.010943,0.011045,2.60E+00,-1.77E-02,1.11E-02,1.32E-03,-1.08E-04,4.55E-06,0.3025,0.2385,0.5492,0.2526,0.2363,0.4871,0.0001,0.0004,1,3,1,3,65,75,598,134,3.63,MA,14
H-ZK11,639555,1.62582,1.62895,1.63309,1.63505,1.63561,1.63613,1.63844,1.63854,1.64129,1.64657,1.64723,1.6529,1.65819,1.66735,55.45,55.18,0.011516,0.011621,2.64E+00,-1.02E-02,1.70E-02,2.14E-04,7.44E-06,4.36E-07,0.303,0.2384,0.5497,0.2525,0.2362,0.4879,-0.0007,-0.0016,1,3,2,4,69,82,512,165,3.69,MA,8
H-ZK14,603606,1.59181,1.59466,1.59834,1.60007,1.60056,1.60101,1.60302,1.60311,1.60548,1.61003,1.61059,1.61537,1.61982,1.62738,60.6,60.35,0.009952,0.010033,2.53E+00,-1.02E-02,1.43E-02,2.53E-04,-1.30E-05,1.10E-06,0.3051,0.2385,0.5368,0.2544,0.2366,0.4766,-0.0002,-0.0057,3,3,2,4,61,75,581,135,3.44,MA,13
H-ZK20,617539,1.60485,1.60779,1.61181,1.61375,1.6143,1.61481,1.6171,1.6172,1.61993,1.6252,1.62586,1.63154,1.63685,1.64594,53.91,53.62,0.011448,0.011561,2.56E+00,-6.64E-03,1.91E-02,-5.21E-04,1.18E-04,-5.72E-06,0.3014,0.2385,0.5538,0.2508,0.2361,0.4913,0.0001,-0.0001,1,3,1,6,78,90,515,104,3.66,A,15
H-ZK21,623581,1.61095,1.61396,1.61788,1.61973,1.62025,1.62074,1.6229,1.62299,1.62555,1.63045,1.63106,1.63626,1.64109,1.64933,58.12,57.87,0.010719,0.010809,2.59E+00,-1.03E-02,1.59E-02,1.59E-04,8.98E-06,-9.77E-08,0.3046,0.2384,0.542,0.254,0.2364,0.4811,-0.001,-0.0047,1,3,2,4,62,75,581,134,3.56,MA,11
H-ZK50,607567,1.59559,1.59848,1.60231,1.60414,1.60465,1.60513,1.60729,1.60738,1.60994,1.61486,1.61547,1.62072,1.62558,1.63393,56.65,56.38,0.010721,0.010819,2.54E+00,-9.72E-03,1.44E-02,5.95E-04,-4.89E-05,2.81E-06,0.3022,0.2388,0.5466,0.2523,0.2366,0.4853,0.0002,-0.0026,1,3,1,5,68,77,511,105,3.54,A,15
H-LaK1,660574,1.64671,1.64986,1.65403,1.656,1.65656,1.65708,1.6594,1.6595,1.66224,1.6675,1.66816,1.67376,1.67896,1.68783,57.35,57.3,0.0115,0.011558,2.70E+00,-1.00E-02,1.81E-02,-2.16E-05,3.82E-05,-1.58E-06,0.3042,0.2378,0.5439,0.2543,0.2366,0.4841,-0.0004,-0.0041,1,3,3,6,77,87,560,176,3.94,B,38
H-LaK2A,692545,1.67813,1.68155,1.6861,1.68827,1.68888,1.68945,1.692,1.69211,1.69514,1.70096,1.70168,1.7079,1.71368,1.72358,54.54,54.29,0.01269,0.012804,2.81E+00,-1.10E-02,1.98E-02,1.43E-04,2.39E-05,-7.83E-07,0.3026,0.2388,0.5469,0.2523,0.2366,0.4858,-0.0013,-0.0059,1,3,3,3,80,97,535,159,3.94,C,31
H-LaK3,747510,1.73074,1.73471,1.73999,1.7425,1.7432,1.74386,1.7468,1.74693,1.75042,1.75716,1.75799,1.76518,1.77193,1.78336,50.95,50.72,0.01466,0.014794,2.98E+00,-1.23E-02,2.56E-02,-5.71E-04,1.48E-04,-7.55E-06,0.3023,0.2381,0.5471,0.2521,0.236,0.486,-0.0021,-0.0119,1,3,1,3,60,74,672,110,4.08,B,73
H-LaK4L,640602,1.62754,1.6308,1.63486,1.63674,1.63726,1.63775,1.6399,1.64,1.64254,1.64737,1.64797,1.65308,1.6578,1.66581,60.2,60,0.010631,0.010709,2.65E+00,-1.38E-02,1.57E-02,9.83E-05,2.21E-05,-1.07E-06,0.3068,0.2387,0.537,0.2559,0.2369,0.4771,-0.0023,-0.0062,1,3,4,4,60,78,634,129,2.99,A,34
H-LaK5A,678555,1.66434,1.66769,1.6721,1.6742,1.67479,1.67534,1.67779,1.6779,1.68081,1.68641,1.6871,1.69307,1.69862,1.7081,55.52,55.26,0.012211,0.012319,2.76E+00,-1.11E-02,1.90E-02,5.14E-05,3.64E-05,-1.56E-06,0.303,0.2383,0.5456,0.2525,0.2362,0.4848,-0.0008,-0.0056,1,3,3,6,80,94,576,174,3.8,MA,40
H-LaK6A,694534,1.67883,1.68255,1.68732,1.68955,1.69018,1.69077,1.69339,1.6935,1.6966,1.70256,1.7033,1.70969,1.71563,1.72583,53.38,53.16,0.012992,0.013105,2.81E+00,-1.48E-02,1.90E-02,3.37E-04,1.36E-05,-5.86E-07,0.3041,0.2384,0.5484,0.2536,0.2363,0.4872,-0.003,-0.0065,1,3,2,6,56,73,683,113,3.59,A,45
H-LaK7A,713538,1.69813,1.70187,1.70669,1.70898,1.70962,1.71022,1.71289,1.713,1.71616,1.72222,1.72298,1.7294,1.73541,1.74569,53.83,53.61,0.013245,0.013359,2.88E+00,-1.48E-02,1.89E-02,7.47E-04,-6.24E-05,3.88E-06,0.3041,0.2384,0.5421,0.2535,0.2363,0.4806,-0.0028,-0.0119,1,3,1,3,55,73,703,104,3.74,MA,32
H-LaK8A,720503,1.7041,1.70806,1.71323,1.71568,1.71636,1.717,1.71987,1.72,1.72341,1.72998,1.7308,1.73789,1.74453,1.75603,50.34,50.1,0.014302,0.014439,2.90E+00,-1.44E-02,2.22E-02,1.05E-04,5.17E-05,-1.90E-06,0.302,0.2384,0.5529,0.2521,0.2361,0.4908,-0.0028,-0.0071,1,3,1,3,53,72,607,105,3.77,A,44
H-LaK10,651559,1.63825,1.6414,1.6456,1.6476,1.64816,1.64869,1.65103,1.65113,1.65391,1.65925,1.65992,1.66562,1.67094,1.68001,55.89,55.62,0.01165,0.011757,2.68E+00,-9.28E-03,1.89E-02,-2.39E-04,7.29E-05,-3.36E-06,0.3027,0.2383,0.5472,0.2524,0.2361,0.4853,-0.0008,-0.0033,1,3,1,6,71,84,634,162,3.73,A,34
H-LaK11,665546,1.65128,1.65453,1.65886,1.66093,1.66153,1.66207,1.66451,1.66461,1.6675,1.6731,1.6738,1.67982,1.68542,1.69504,54.61,54.4,0.01217,0.01227,2.72E+00,-9.53E-03,1.96E-02,-2.37E-04,8.48E-05,-4.10E-06,0.3021,0.2375,0.5518,0.2511,0.2355,0.4906,-0.0043,-0.0009,1,3,1,6,72,88,517,,4.02,B,33
H-LaK12,697562,1.68269,1.68626,1.69086,1.69301,1.69362,1.69418,1.69669,1.6968,1.69976,1.70542,1.70612,1.71212,1.71768,1.72716,56.18,55.96,0.012404,0.012504,2.83E+00,-1.36E-02,1.90E-02,2.05E-04,8.81E-06,-2.16E-08,0.3052,0.2385,0.54,0.2545,0.2366,0.4797,-0.0027,-0.01,1,6,1,3,64,80,686,118,3.71,A,61
H-LaK50A,652584,1.6388,1.6421,1.64625,1.64821,1.64875,1.64925,1.6515,1.6516,1.65426,1.65936,1.66,1.66539,1.67039,1.67886,58.4,58.15,0.011157,0.011251,2.68E+00,-1.37E-02,1.57E-02,3.83E-04,-8.02E-06,1.72E-07,0.3038,0.2384,0.5405,0.2533,0.2364,0.4791,-0.0007,-0.0057,1,3,3,6,63,82,618,135,3.5,B,38
H-LaK51A,697555,1.68251,1.68611,1.69078,1.69297,1.69358,1.69415,1.69668,1.6968,1.69979,1.70552,1.70624,1.71235,1.71803,1.72774,55.53,55.31,0.012549,0.012653,2.82E+00,-1.26E-02,2.12E-02,-4.46E-04,1.04E-04,-4.73E-06,0.3052,0.2383,0.5446,0.2545,0.2363,0.4832,-0.0027,-0.0065,1,3,1,3,63,81,695,111,3.56,MA,32
H-LaK52,729547,1.71409,1.71785,1.72277,1.7251,1.72575,1.72635,1.72904,1.72916,1.73234,1.73844,1.7392,1.7457,1.75176,1.76209,54.68,54.45,0.013334,0.01345,2.93E+00,-1.22E-02,2.39E-02,-7.31E-04,1.47E-04,-6.92E-06,0.304,0.2385,0.5445,0.2535,0.2364,0.4833,-0.0023,-0.0081,1,3,1,3,56,72,765,108,4.02,MA,42
H-LaK53A,755523,1.73893,1.74291,1.74814,1.75063,1.75132,1.75197,1.75487,1.755,1.75844,1.76506,1.76588,1.77297,1.77957,1.79088,52.32,52.09,0.01443,0.014561,3.01E+00,-1.37E-02,2.41E-02,-1.68E-04,8.27E-05,-3.78E-06,0.303,0.2383,0.5478,0.2526,0.2362,0.4865,-0.0024,-0.0088,1,3,1,6,61,72,729,114,4.39,MA,47
H-LaK54,734515,1.71817,1.72208,1.72723,1.72968,1.73037,1.73101,1.73387,1.734,1.73739,1.74394,1.74476,1.75177,1.7583,1.76938,51.49,51.25,0.014256,0.014388,2.94E+00,-1.27E-02,2.44E-02,-4.90E-04,1.39E-04,-7.39E-06,0.3026,0.2378,0.5489,0.2523,0.2356,0.4868,-0.0021,-0.0091,1,3,1,3,51,74,770,61,4.01,A,48
H-LaK59A,691548,1.67704,1.68043,1.685,1.68716,1.68777,1.68834,1.69089,1.691,1.69401,1.69976,1.70048,1.70666,1.7124,1.72224,54.82,54.6,0.012606,0.012711,2.80E+00,-8.73E-03,2.30E-02,-8.50E-04,1.53E-04,-6.92E-06,0.3046,0.2388,0.5471,0.2541,0.2368,0.486,-0.0036,-0.0052,1,5,3,4,82,96,537,161,3.94,B,43
H-LaK61,741526,1.72533,1.72921,1.73431,1.73673,1.73741,1.73804,1.74087,1.741,1.74435,1.7508,1.75161,1.75849,1.7649,1.77587,52.64,52.41,0.014078,0.014203,2.97E+00,-1.37E-02,2.25E-02,1.30E-04,3.52E-05,-1.35E-06,0.3034,0.238,0.5464,0.2528,0.2359,0.4845,-0.0026,-0.0096,1,3,1,6,58,72,723,100,4.1,A,59
H-LaK67,670517,,,1.66389,1.6661,1.66671,1.6673,1.66988,1.67,1.67308,1.67905,1.67979,1.68622,1.69224,1.70269,51.7,51.5,0.01295,0.01308,2.74E+00,-1.63E-02,1.59E-02,1.08E-03,-7.71E-05,4.03E-06,0.3012,0.2378,0.5537,0.2515,0.2355,0.4916,-0.0004,-0.004,1,3,1,6,70,84,615,157,3.73,A,48
QF1,548459,,,1.54255,1.54454,1.5451,1.54563,1.548,1.54811,1.55094,1.55649,1.55719,1.56329,1.56911,1.57931,45.87,45.57,0.01195,0.01209,2.35E+00,-8.69E-03,1.61E-02,1.87E-04,4.21E-05,-1.32E-06,0.2983,0.237,0.5689,0.2483,0.2342,0.5041,0.0001,0.0013,3,1,1,1,77,93,342,83,2.94,C,24
QF3,575413,,,1.5686,1.5709,1.57155,1.57216,1.5749,1.57502,1.57833,1.58482,1.58564,1.59281,1.59968,1.61197,41.31,41.03,0.01392,0.014097,2.42E+00,-7.97E-03,1.91E-02,3.55E-04,1.39E-05,1.71E-06,0.2965,0.2374,0.5743,0.2465,0.2344,0.5083,-0.0009,-0.001,3,1,1,1,93,114,410,,3.18,C,20
QF5,582420,,,1.57574,1.57804,1.57869,1.57929,1.58203,1.58215,1.58544,1.59189,1.59271,1.59982,1.60664,1.61878,42.03,41.77,0.013852,0.014017,2.44E+00,-6.80E-03,2.14E-02,-3.85E-04,1.22E-04,-4.22E-06,0.2968,0.2374,0.5727,0.2468,0.2346,0.5077,-0.001,-0.0014,2,1,1,1,83,101,416,89,3.22,C,23
QF6,532488,,,1.52661,1.52845,1.52897,1.52945,1.53162,1.53172,1.53431,1.53935,1.53999,1.54546,1.55064,1.55972,48.76,48.48,0.010905,0.011022,2.30E+00,-8.38E-03,1.44E-02,3.34E-04,-4.47E-06,1.33E-06,0.2999,0.2378,0.5603,0.2498,0.2353,0.4968,-0.0008,-0.0024,3,1,2,1,82,98,400,82,2.78,C,24
QF8,541472,,,1.53536,1.53729,1.53783,1.53834,1.54062,1.54072,1.54344,1.54875,1.54941,1.55519,1.56068,1.57033,47.2,46.92,0.011457,0.011583,2.33E+00,-7.87E-03,1.58E-02,1.98E-04,1.80E-05,3.65E-07,0.2993,0.2377,0.5628,0.2493,0.2351,0.499,-0.0009,-0.0025,3,1,2,1,85,98,397,83,2.86,C,32
QF50,581409,1.56671,1.57013,1.57489,1.57723,1.57789,1.57851,1.58131,1.58144,1.58481,1.59145,1.59229,1.59963,1.60666,1.61923,40.89,40.61,0.014221,0.014401,2.44E+00,-7.76E-03,2.01E-02,1.57E-04,5.33E-05,-6.99E-07,0.2959,0.2373,0.5749,0.2462,0.2343,0.5094,-0.0005,-0.0011,3,1,1,1,90,111,407,89,3.23,C,18
H-QF1,548458,1.53538,1.53846,1.54258,1.54458,1.54514,1.54567,1.54803,1.54814,1.55098,1.55654,1.55724,1.56334,1.56915,1.57955,45.82,45.52,0.011963,0.012104,2.35E+00,-9.53E-03,1.49E-02,6.14E-04,-3.07E-05,3.26E-06,0.2976,0.2374,0.5684,0.2479,0.2346,0.504,0.0002,0.0008,1,1,1,1,93,110,462,99,2.58,A,27
H-QF3,575415,1.5605,1.56392,1.56861,1.5709,1.57155,1.57216,1.57488,1.57501,1.57829,1.58476,1.58558,1.59275,1.59968,1.61227,41.5,41.22,0.013854,0.014028,2.43E+00,-8.62E-03,1.93E-02,2.10E-04,3.30E-05,1.51E-06,0.2964,0.2371,0.5768,0.2464,0.2342,0.5112,0,0.0018,1,1,1,1,90,103,546,100,2.6,A,23
H-QF6A,532488,1.51993,1.52281,1.52663,1.52847,1.52898,1.52946,1.53162,1.53172,1.53431,1.53935,1.53999,1.54552,1.55081,1.56027,48.84,48.53,0.010887,0.01101,2.30E+00,-8.65E-03,1.47E-02,1.47E-04,2.50E-05,4.80E-07,0.2985,0.2379,0.5666,0.2489,0.2352,0.5022,0,0.0041,1,1,1,1,86,95,521,94,2.52,A,23
H-QF8,541472,1.5284,1.53137,1.53537,1.5373,1.53784,1.53835,1.54062,1.54072,1.54344,1.54875,1.54942,1.55525,1.56081,1.57067,47.23,46.94,0.011449,0.011577,2.33E+00,-7.67E-03,1.71E-02,-3.06E-04,9.60E-05,-3.46E-06,0.2987,0.2376,0.5678,0.2488,0.2349,0.5037,0,0.0025,3,1,3,2,96,113,487,84,2.54,B,26
H-QF14,596392,1.57979,1.58346,1.58854,1.59103,1.59173,1.59239,1.59538,1.59551,1.59911,1.60621,1.60712,1.61502,1.62269,1.63671,39.22,38.95,0.015183,0.015383,2.48E+00,-9.32E-03,2.05E-02,5.26E-04,-2.40E-06,4.03E-06,0.2951,0.237,0.5803,0.2455,0.234,0.514,-0.0004,0.0014,2,1,1,3,78,92,548,95,2.62,A,27
H-QF50A,581408,1.56652,1.57004,1.57486,1.57722,1.57788,1.5785,1.58131,1.58144,1.58482,1.59149,1.59233,1.59974,1.60689,1.61987,40.75,40.47,0.01427,0.01445,2.44E+00,-9.19E-03,1.96E-02,2.77E-04,3.30E-05,1.34E-06,0.2957,0.2369,0.5781,0.2464,0.2339,0.5128,0.0001,0.0018,3,1,2,1,85,104,492,108,2.61,A,19
H-QF56,567428,1.55345,1.55672,1.5612,1.56339,1.56401,1.56459,1.5672,1.56732,1.57046,1.57665,1.57743,1.58426,1.59084,1.60273,42.81,42.54,0.013252,0.013411,2.40E+00,-8.58E-03,1.77E-02,4.38E-04,-1.42E-06,2.74E-06,0.2966,0.2369,0.5743,0.2466,0.234,0.5089,0.0009,0.0015,3,1,1,1,94,111,502,121,2.62,B,24
F1,603380,,,1.59615,1.59874,1.59947,1.60016,1.60328,1.60342,1.60718,1.61461,1.61556,1.6238,1.63174,1.64602,38.01,37.75,0.015873,0.016084,2.51E+00,-7.87E-03,2.16E-02,5.99E-04,-9.52E-07,2.90E-06,0.2947,0.2372,0.5788,0.2452,0.2341,0.5125,-0.0006,-0.0022,3,1,2,1,92,114,445,,3.43,A,15
F2,613370,1.59614,1.59995,1.60537,1.60805,1.60882,1.60953,1.61278,1.61293,1.61686,1.62463,1.62562,1.63427,1.64262,1.65768,36.96,36.7,0.016582,0.016806,2.53E+00,-7.74E-03,2.32E-02,4.09E-04,3.78E-05,1.03E-06,0.2942,0.237,0.5814,0.2448,0.2339,0.5147,-0.0006,-0.0014,3,2,2,1,101,121,440,94,3.5,A,13
F3,617366,1.59954,1.60341,1.60891,1.61164,1.61242,1.61315,1.61644,1.61659,1.62058,1.62848,1.62949,1.63826,1.64673,1.66202,36.61,36.35,0.01684,0.017071,2.54E+00,-8.35E-03,2.28E-02,6.70E-04,1.04E-06,3.03E-06,0.2938,0.237,0.5808,0.2444,0.2338,0.5137,-0.0004,-0.0026,3,1,2,1,85,100,430,89,3.57,A,10
F4,620364,1.60284,1.60673,1.61228,1.61504,1.61582,1.61656,1.6199,1.62005,1.62408,1.6321,1.63312,1.64205,1.65067,1.66626,36.35,36.09,0.01706,0.017291,2.55E+00,-8.05E-03,2.34E-02,5.60E-04,2.36E-05,1.88E-06,0.2938,0.2365,0.5837,0.2443,0.2334,0.517,0,0,3,2,1,2,91,114,381,86,3.57,B,10
F5,624359,1.60682,1.6108,1.61645,1.61925,1.62005,1.6208,1.6242,1.62435,1.62847,1.63663,1.63768,1.64673,1.6555,1.67131,35.92,35.65,0.01738,0.017631,2.57E+00,-9.14E-03,2.26E-02,1.00E-03,-3.66E-05,4.93E-06,0.2934,0.2371,0.5812,0.2439,0.2337,0.5133,-0.0005,-0.0034,2,1,1,1,84,100,380,81,3.64,B,10
F6,625356,1.60732,1.6113,1.61697,1.61981,1.62061,1.62137,1.6248,1.62495,1.62911,1.63738,1.63843,1.64764,1.65656,1.67274,35.57,35.31,0.01757,0.017818,2.57E+00,-8.36E-03,2.34E-02,8.29E-04,-1.18E-05,4.10E-06,0.2929,0.2368,0.584,0.2437,0.2335,0.5169,0.0005,-0.0011,3,3,1,3,98,122,399,88,3.6,C,10
F7,636354,1.61825,1.62234,1.62818,1.63108,1.63191,1.63269,1.63621,1.63636,1.64062,1.64908,1.65015,1.65956,1.66869,1.68527,35.35,35.11,0.018001,0.018244,2.60E+00,-8.47E-03,2.47E-02,7.45E-04,-4.85E-06,4.26E-06,0.2933,0.2367,0.5822,0.2439,0.2335,0.5158,-0.0003,-0.0033,2,2,1,2,85,97,382,97,3.73,C,15
F13,626357,1.60823,1.61221,1.61791,1.62074,1.62154,1.6223,1.62573,1.62588,1.63004,1.63827,1.63932,1.64851,1.65742,1.67355,35.7,35.45,0.01753,0.017773,2.57E+00,-7.60E-03,2.50E-02,3.35E-04,5.68E-05,6.07E-07,0.2932,0.2373,0.584,0.2441,0.234,0.5169,-0.0006,-0.0009,1,1,1,3,94,111,365,84,3.63,A,18
H-F1,603380,1.58705,1.59086,1.59614,1.59874,1.59948,1.60017,1.60328,1.60342,1.60718,1.61462,1.61557,1.62387,1.63194,1.64674,38.01,37.74,0.015875,0.016088,2.51E+00,-9.27E-03,2.19E-02,4.31E-04,1.69E-05,3.42E-06,0.2946,0.2369,0.5828,0.2451,0.2338,0.5161,-0.0003,0.0019,2,1,2,1,79,98,438,103,2.63,MA,16
H-F2,613370,1.5959,1.59987,1.60536,1.60806,1.60883,1.60954,1.61279,1.61293,1.61685,1.62463,1.62562,1.63432,1.64283,1.65859,37,36.73,0.016564,0.016792,2.54E+00,-1.06E-02,2.15E-02,8.77E-04,-4.39E-05,7.54E-06,0.2938,0.2368,0.585,0.2443,0.2336,0.5181,0,0.0023,1,1,1,1,78,94,563,105,2.65,B,19
H-F4,620364,1.60259,1.60667,1.61227,1.61504,1.61582,1.61656,1.6199,1.62005,1.62408,1.6321,1.63312,1.6421,1.65089,,36.35,36.09,0.01706,0.017291,2.56E+00,-1.31E-02,1.81E-02,2.32E-03,-2.65E-04,2.07E-05,0.2938,0.2365,0.5862,0.2443,0.2334,0.5193,0,0.0024,1,1,2,1,76,90,607,128,2.67,MA,9
H-F13,626357,1.60798,1.61212,1.6179,1.62074,1.62155,1.62231,1.62573,1.62588,1.63003,1.63828,1.63933,1.6486,1.65769,1.67432,35.7,35.43,0.017532,0.01778,2.57E+00,-9.28E-03,2.56E-02,-5.72E-05,1.20E-04,-1.73E-06,0.2933,0.2367,0.5888,0.2436,0.2334,0.5215,0.0004,0.0039,1,1,1,1,80,99,586,122,2.69,MA,24
H-F51,640345,,,1.63138,1.63438,1.63522,1.63602,1.63964,1.6398,1.64419,1.65294,1.65406,1.66393,1.67361,,34.46,34.2,0.018564,0.018835,2.63E+00,-2.38E-02,1.35E-02,3.90E-03,-4.14E-04,2.71E-05,0.2919,0.2365,0.592,0.2431,0.2331,0.524,0.0006,0.005,2,1,1,1,84,102,567,127,2.76,B,27
H-BaF2,570495,1.55726,1.56026,1.5643,1.56625,1.56679,1.5673,1.5696,1.5697,1.57244,1.57777,1.57844,1.58424,1.58974,1.59942,49.45,49.12,0.01152,0.011654,2.42E+00,-8.23E-03,1.69E-02,-3.47E-05,5.15E-05,-1.33E-06,0.2995,0.2378,0.5616,0.25,0.2351,0.4976,0,0.0001,1,1,2,1,82,98,484,123,2.82,B,
H-BaF3,580537,1.56778,1.57065,1.57448,1.57631,1.57683,1.57731,1.57947,1.57957,1.58213,1.5871,1.58773,1.59307,1.59806,1.6067,53.71,53.42,0.01079,0.010898,2.45E+00,-8.62E-03,1.53E-02,1.83E-04,1.41E-05,-1.68E-07,0.3021,0.2373,0.5524,0.2514,0.2349,0.4891,0.0003,-0.0019,1,1,1,1,67,84,523,90,3.14,B,34
BaF4,583465,,,1.57687,1.57897,1.57955,1.58011,1.5826,1.58271,1.58569,1.59151,1.59227,1.59862,1.60468,1.61535,46.47,46.07,0.01254,0.012714,2.45E+00,-6.51E-03,1.94E-02,-3.06E-04,1.02E-04,-3.93E-06,0.2986,0.2374,0.5673,0.2485,0.2342,0.4999,-0.0002,0.0007,1,1,1,1,78,91,442,97,3.28,C,24
H-BaF5,606439,1.59106,1.59454,1.59924,1.60153,1.60217,1.60278,1.6055,1.60562,1.6089,1.61533,1.61615,1.62323,1.63002,1.6422,43.88,43.57,0.013803,0.013974,2.52E+00,-1.06E-02,1.80E-02,6.80E-04,-2.35E-05,3.36E-06,0.2963,0.2376,0.5723,0.2469,0.2347,0.5067,0.0002,0.0014,1,1,1,1,82,97,556,168,2.97,B,40
H-BaF6,608462,1.59409,1.59739,1.6019,1.60409,1.60471,1.60529,1.6079,1.60801,1.61114,1.61725,1.61802,1.6247,1.63106,1.64238,46.2,45.92,0.01316,0.01331,2.53E+00,-9.14E-03,1.82E-02,4.65E-04,-9.77E-06,2.47E-06,0.2979,0.2378,0.5661,0.2479,0.2352,0.5019,-0.0001,-0.0009,1,1,2,1,82,94,538,146,3.11,B,31
BaF7,614400,,,1.6071,1.6096,1.61032,1.61098,1.614,1.61413,1.61777,1.62494,1.62586,1.6338,1.64142,1.65512,40.03,39.75,0.01534,0.015542,2.54E+00,-8.69E-03,2.00E-02,8.98E-04,-4.97E-05,5.36E-06,0.2952,0.2373,0.5776,0.2451,0.2342,0.5109,-0.0003,0.0001,1,1,1,1,83,94,416,90,3.56,B,26
H-BaF8,626391,1.6096,1.61339,1.6187,1.62132,1.62206,1.62276,1.6259,1.62604,1.62984,1.63735,1.63829,1.64664,1.65471,1.66941,39.07,38.81,0.016023,0.016229,2.58E+00,-9.09E-03,2.20E-02,5.98E-04,-4.33E-06,4.04E-06,0.2946,0.2372,0.5798,0.2452,0.2341,0.5145,0.0004,0.0006,1,1,2,1,86,113,487,136,2.96,B,34
ZBaF2,640483,,,1.63342,1.63566,1.63627,1.63686,1.6395,1.63962,1.64277,1.64891,1.64969,1.65635,1.66268,1.67382,48.27,47.9,0.01325,0.013418,2.63E+00,-8.73E-03,1.91E-02,4.49E-04,-1.75E-05,2.86E-06,0.2989,0.2376,0.5615,0.2497,0.2346,0.4963,0.0001,-0.002,1,3,1,3,61,75,482,128,3.83,B,25
ZBaF17,668419,1.65116,1.65493,1.66023,1.66284,1.66358,1.66428,1.66741,1.66755,1.67133,1.67876,1.6797,1.68788,1.69574,1.70978,41.93,41.64,0.015921,0.016123,2.71E+00,-8.30E-03,2.37E-02,2.82E-04,3.94E-05,7.18E-07,0.2958,0.2374,0.5728,0.2462,0.2344,0.5074,0.0001,-0.0014,1,3,,,,91,510,175,3.8,C,24
ZBaF51,683445,1.66684,1.67046,1.67563,1.67816,1.67888,1.67955,1.68259,1.68273,1.68637,1.6935,1.6944,1.70225,1.70974,1.72299,44.5,44.23,0.015341,0.015519,2.76E+00,-5.82E-03,2.66E-02,-7.55E-04,1.76E-04,-6.73E-06,0.2978,0.2377,0.5703,0.248,0.2349,0.5057,-0.0008,0.0004,1,3,1,6,,89,464,198,4.14,C,20
H-ZBaF1,622532,1.60954,1.61262,1.61678,1.61877,1.61933,1.61985,1.62219,1.6223,1.62508,1.63047,1.63115,1.63698,1.64245,1.65178,53.17,52.88,0.011704,0.011821,2.58E+00,-7.58E-03,2.02E-02,-8.46E-04,1.78E-04,-9.19E-06,0.3013,0.2381,0.5562,0.251,0.2358,0.4932,0,0.001,1,3,1,4,60,72,562,129,3.57,B,23
H-ZBaF3,657511,1.64308,1.64641,1.65089,1.65306,1.65368,1.65424,1.6568,1.65691,1.65996,1.66591,1.66665,1.67307,1.67911,1.68964,51.12,50.88,0.01285,0.01297,2.69E+00,-1.01E-02,1.86E-02,3.58E-04,6.17E-06,5.76E-07,0.3001,0.2371,0.5569,0.2497,0.2349,0.4948,0.0011,-0.0017,1,3,1,3,75,90,508,170,3.77,A,21
H-ZBaF4,664355,1.64538,1.64968,1.65576,1.65878,1.65964,1.66045,1.6641,1.66426,1.66869,1.6775,1.67862,1.68852,1.69819,1.71608,35.48,35.23,0.01872,0.01898,2.69E+00,-9.84E-03,2.57E-02,8.44E-04,-1.66E-05,6.71E-06,0.2927,0.2366,0.5887,0.2434,0.2334,0.5216,0.0004,0.0034,1,1,1,1,79,95,602,180,3.11,A,34
H-ZBaF5,671473,1.65601,1.65953,1.66441,1.66679,1.66745,1.66808,1.6709,1.67103,1.6744,1.68098,1.68181,1.68899,1.69579,1.7077,47.29,46.99,0.01419,0.014353,2.73E+00,-8.02E-03,2.33E-02,-3.67E-04,1.18E-04,-4.64E-06,0.2987,0.2378,0.5641,0.2489,0.2351,0.4999,-0.0003,-0.001,1,3,1,2,68,85,626,150,3.58,A,28
H-ZBaF16,667484,1.65212,1.65555,1.66029,1.6626,1.66325,1.66386,1.6666,1.66672,1.67,1.67637,1.67717,1.68408,1.6906,1.70196,48.42,48.13,0.013769,0.01392,2.72E+00,-8.01E-03,2.21E-02,-1.43E-04,7.67E-05,-2.71E-06,0.2992,0.2382,0.5599,0.2493,0.2356,0.4963,-0.0006,-0.0034,1,3,1,3,71,88,577,163,3.59,A,21
H-ZBaF20,702412,1.68393,1.68801,1.6937,1.69651,1.6973,1.69804,1.70139,1.70154,1.70559,1.71356,1.71457,1.72341,1.7319,1.74719,41.15,40.86,0.017049,0.01727,2.82E+00,-1.01E-02,2.55E-02,3.30E-04,5.03E-05,6.00E-07,0.2953,0.2372,0.5777,0.2457,0.2342,0.5119,0.0004,0.0021,1,3,1,2,69,85,594,170,3.64,A,22
H-ZBaF21,723380,1.70402,1.70845,1.71472,1.71781,1.71869,1.71952,1.72325,1.72341,1.72793,1.73685,1.73798,1.74794,1.75763,1.77533,37.99,37.72,0.019041,0.019297,2.88E+00,-9.64E-03,2.92E-02,3.02E-04,5.76E-05,2.46E-06,0.2944,0.2371,0.5824,0.2449,0.2339,0.5161,-0.0003,0.0014,1,3,1,2,76,88,585,171,3.62,MA,20
H-ZBaF50,658509,1.64449,1.6478,1.65235,1.65454,1.65516,1.65574,1.65832,1.65844,1.66152,1.66749,1.66824,1.67473,1.68085,1.69151,50.85,50.57,0.012948,0.013082,2.69E+00,-7.36E-03,2.27E-02,-7.95E-04,1.61E-04,-6.93E-06,0.3006,0.238,0.5592,0.2504,0.2355,0.4962,-0.0003,0.0001,1,3,1,3,75,90,508,156,3.77,MA,16
H-ZBaF52,670472,1.65502,1.65855,1.66341,1.66579,1.66646,1.66709,1.6699,1.67003,1.6734,1.67999,1.68082,1.68798,1.69476,1.70663,47.2,46.9,0.014197,0.014358,2.73E+00,-8.59E-03,2.23E-02,-2.89E-05,6.84E-05,-2.16E-06,0.2984,0.2377,0.5631,0.2485,0.235,0.499,-0.0001,-0.0022,1,3,1,2,70,88,626,159,3.57,MA,17
ZF1,648338,,,1.63902,1.6421,1.64297,1.6438,1.64753,1.64769,1.65223,1.66124,1.66239,1.67251,1.68236,1.70035,33.84,33.59,0.019142,0.019419,2.64E+00,-8.84E-03,2.56E-02,9.65E-04,-1.83E-05,5.56E-06,0.2923,0.2368,0.5887,0.243,0.2334,0.521,-0.0001,0.0006,1,3,1,2,89,104,410,,3.84,MA,11
ZF2,673322,1.65206,1.65662,1.66326,1.66661,1.66756,1.66846,1.67252,1.6727,1.67765,1.68752,1.68878,1.69985,1.71066,1.73049,32.17,31.93,0.020909,0.021221,2.71E+00,-7.94E-03,2.92E-02,8.85E-04,6.69E-07,5.66E-06,0.2914,0.2367,0.5896,0.2423,0.2332,0.5215,0,-0.0014,1,3,1,2,85,95,400,95,4.08,MA,11
ZF3,717295,1.69375,1.69892,1.70649,1.71032,1.71142,1.71245,1.71715,1.71736,1.72311,1.73464,1.73612,1.74915,1.76195,1.78568,29.5,29.27,0.024317,0.024703,2.85E+00,-1.05E-02,3.09E-02,2.14E-03,-1.31E-04,1.42E-05,0.2894,0.2364,0.5967,0.2405,0.2327,0.5275,0.0009,0.0012,1,2,1,2,83,95,390,107,4.46,A,15
ZF4,728283,1.70324,1.70882,1.71679,1.72082,1.72198,1.72307,1.72803,1.72825,1.73432,1.74654,1.74811,1.76207,1.77601,,28.32,28.1,0.025716,0.026133,2.89E+00,-1.79E-02,2.30E-02,5.64E-03,-6.98E-04,5.25E-05,0.289,0.2361,0.6038,0.2401,0.2323,0.5341,0.0008,0.0064,3,3,1,6,96,111,366,135,4.51,A,15
ZF5,740282,,,1.72831,1.73243,1.73361,1.73472,1.73977,1.74,1.74619,1.75863,1.76023,1.77439,1.78837,1.81447,28.24,28.03,0.0262,0.026623,2.92E+00,-1.04E-02,3.39E-02,2.27E-03,-1.36E-04,1.65E-05,0.2889,0.2363,0.6015,0.2401,0.2325,0.5319,0.0007,0.0039,1,2,1,2,86,98,390,,4.65,MA,15
ZF6,755275,1.72888,1.73457,1.743,1.74729,1.74852,1.74968,1.75496,1.7552,1.76168,1.77472,1.7764,1.7912,1.80585,1.8332,27.53,27.32,0.027432,0.027881,2.96E+00,-1.04E-02,3.56E-02,2.46E-03,-1.50E-04,1.78E-05,0.2884,0.2363,0.6008,0.2369,0.2325,0.5308,0.0008,0.002,1,3,1,2,80,94,380,,4.78,MA,15
ZF7,806254,1.7762,1.78261,1.79223,1.79716,1.79857,1.79991,1.806,1.80627,1.81377,1.82894,1.83089,1.84832,1.86567,1.89857,25.37,25.18,0.03178,0.032313,3.12E+00,-1.06E-02,4.22E-02,2.89E-03,-1.65E-04,2.33E-05,0.2867,0.236,0.6098,0.2383,0.2321,0.5394,0.0017,0.0073,1,3,1,5,79,90,361,143,5.19,A,16
ZF7L,805255,1.77524,1.78162,1.7912,1.79611,1.79752,1.79885,1.80491,1.80518,1.81265,1.82773,1.82968,1.84701,1.86427,1.89697,25.46,25.27,0.03162,0.032161,3.12E+00,-9.78E-03,4.32E-02,2.52E-03,-1.17E-04,2.08E-05,0.287,0.236,0.6097,0.2384,0.232,0.5389,0.0015,0.0074,1,3,1,4,79,91,330,143,5.19,MA,16
ZF7LGT,805255,1.77524,1.78162,1.7912,1.79611,1.79752,1.79885,1.80491,1.80518,1.81265,1.82773,1.82968,1.84701,1.86427,1.89697,25.46,25.27,0.03162,0.032161,3.12E+00,-9.78E-03,4.32E-02,2.52E-03,-1.17E-04,2.08E-05,0.287,0.236,0.6097,0.2384,0.232,0.5389,0.0015,0.0074,1,3,1,4,79,91,330,143,5.19,MA,32
ZF8,654337,,,1.64565,1.64878,1.64967,1.6505,1.65429,1.65446,1.65907,1.66822,1.66939,1.67966,1.68965,1.70788,33.65,33.41,0.019447,0.019728,2.66E+00,-9.11E-03,2.58E-02,1.12E-03,-4.11E-05,6.92E-06,0.2921,0.2371,0.5883,0.2428,0.2337,0.5206,-0.0007,-0.0001,1,2,1,2,76,89,379,,3.91,B,30
ZF10,689312,1.66724,1.67202,1.67899,1.6825,1.68351,1.68445,1.68874,1.68893,1.69416,1.7046,1.70594,1.71769,1.72917,1.75034,31.18,30.95,0.022098,0.022432,2.76E+00,-9.20E-03,2.93E-02,1.49E-03,-7.05E-05,9.95E-06,0.2909,0.2365,0.5924,0.2418,0.233,0.5238,0,-0.0002,1,3,1,2,76,92,376,87,4.21,A,22
ZF11,699301,,,1.68853,1.69221,1.69326,1.69425,1.69875,1.69895,1.70445,1.71546,1.71687,1.72939,1.74174,1.76486,30.07,29.84,0.023246,0.023611,2.79E+00,-1.06E-02,2.91E-02,2.13E-03,-1.58E-04,1.71E-05,0.2899,0.2366,0.5993,0.2409,0.2329,0.5303,0.0006,0.0048,1,1,1,1,73,88,405,115,4.06,A,22
ZF12,762266,1.73454,1.74045,1.74912,1.75357,1.75485,1.75606,1.76158,1.76182,1.76859,1.78226,1.78403,1.79968,1.81534,,26.55,26.34,0.028692,0.029178,3.00E+00,-1.66E-02,2.57E-02,6.70E-03,-8.37E-04,6.26E-05,0.2875,0.236,0.6071,0.2389,0.232,0.5363,0.0014,0.0066,1,3,1,3,75,89,378,133,4.64,B,30
ZF13,785258,1.75585,1.76206,1.77125,1.77598,1.77734,1.77862,1.78446,1.78472,1.7919,1.80645,1.80834,1.82503,1.8417,,25.76,25.55,0.030468,0.030998,3.06E+00,-1.46E-02,3.28E-02,5.24E-03,-5.61E-04,4.64E-05,0.2867,0.2357,0.6098,0.238,0.2317,0.5384,0.0022,0.008,1,3,1,3,78,96,390,152,4.87,MA,24
ZF50,741278,1.71513,1.72071,1.72889,1.73307,1.73427,1.7354,1.74054,1.74077,1.74706,1.75975,1.76139,1.77585,1.79021,,27.76,27.55,0.026681,0.027118,2.92E+00,-1.30E-02,2.95E-02,4.13E-03,-4.47E-04,3.71E-05,0.2886,0.2358,0.6035,0.2397,0.232,0.5333,0.0012,0.005,1,3,1,2,71,87,375,131,4.46,A,32
ZF51,785261,1.75614,1.76227,1.77137,1.77605,1.77739,1.77866,1.78444,1.7847,1.7918,1.80614,1.808,1.82439,1.84067,,26.08,25.87,0.030092,0.030602,3.06E+00,-1.39E-02,3.30E-02,5.07E-03,-5.39E-04,4.36E-05,0.2875,0.2359,0.6065,0.2388,0.2319,0.5356,0.0013,0.0052,1,3,1,3,82,102,354,162,4.99,C,32
ZF52,847238,1.8133,1.82034,1.83102,1.83651,1.83808,1.83957,1.84636,1.84666,1.85504,1.87205,1.87425,1.89405,1.91394,1.9521,23.83,23.64,0.035534,0.036165,3.24E+00,-7.80E-03,5.34E-02,1.51E-03,7.22E-05,1.66E-05,0.2857,0.2358,0.6191,0.2372,0.2317,0.5475,0.002,0.014,1,3,1,6,86,99,323,192,5.49,C,41
H-ZF1,648338,1.62849,1.63284,1.63902,1.64209,1.64298,1.6438,1.64752,1.64769,1.65222,1.66124,1.6624,1.67257,1.68257,1.70122,33.84,33.58,0.01914,0.019421,2.64E+00,-9.70E-03,2.56E-02,1.01E-03,-4.25E-05,9.06E-06,0.292,0.2366,0.592,0.2427,0.2331,0.5237,0.0004,0.0038,2,1,2,1,91,117,507,96,2.73,MA,13
H-ZF2,673322,1.65187,1.65655,1.66326,1.66661,1.66756,1.66846,1.67252,1.6727,1.67764,1.68751,1.68879,1.70005,1.71116,1.73203,32.17,31.92,0.02091,0.021227,2.71E+00,-8.77E-03,3.07E-02,2.40E-04,8.93E-05,3.65E-06,0.2912,0.2364,0.5997,0.242,0.2329,0.5305,0.0004,0.0088,1,1,1,1,85,106,552,143,2.9,MA,13
H-ZF3,717295,1.69329,1.69879,1.70649,1.71032,1.71142,1.71245,1.71715,1.71736,1.7231,1.73464,1.73613,1.74928,1.76234,1.78714,29.5,29.27,0.024318,0.024707,2.86E+00,-1.77E-02,2.60E-02,3.44E-03,-3.19E-04,2.68E-05,0.2893,0.2362,0.6019,0.2404,0.2324,0.5321,0.0011,0.0065,1,1,1,1,90,112,520,189,3.06,MA,21
H-ZF4A,728283,1.7032,1.70872,1.71677,1.72082,1.72198,1.72307,1.72803,1.72825,1.73432,1.74656,1.74811,1.76219,1.77623,1.80316,28.32,28.1,0.025716,0.026133,2.88E+00,-1.09E-02,3.48E-02,1.64E-03,-8.15E-05,1.79E-05,0.2889,0.236,0.6078,0.2399,0.2323,0.5388,0.0019,0.0103,1,1,1,1,93,112,524,192,3.05,MA,22
H-ZF4AGT,728283,1.7032,1.70872,1.71677,1.72082,1.72198,1.72307,1.72803,1.72825,1.73432,1.74656,1.74811,1.76219,1.77623,1.80316,28.32,28.1,0.025716,0.026133,2.88E+00,-1.09E-02,3.48E-02,1.64E-03,-8.15E-05,1.79E-05,0.2889,0.236,0.6078,0.2399,0.2323,0.5388,0.0019,0.0103,1,1,1,1,93,112,524,192,3.05,MA,22
H-ZF5,740283,1.71452,1.72014,1.72831,1.73245,1.73363,1.73474,1.73977,1.74,1.74617,1.75861,1.76021,1.77453,1.78884,,28.3,28.07,0.026152,0.026584,2.91E+00,-1.06E-02,3.66E-02,1.35E-03,-3.47E-05,1.59E-05,0.2887,0.2359,0.6087,0.2396,0.2321,0.5387,0.0016,0.0112,1,1,1,1,89,108,563,184,3.16,A,42
H-ZF6,755275,1.72861,1.73446,1.743,1.74729,1.74852,1.74968,1.75496,1.7552,1.76167,1.77472,1.77641,1.79139,1.80641,,27.53,27.31,0.027432,0.027888,2.96E+00,-1.21E-02,3.64E-02,2.13E-03,-1.30E-04,2.14E-05,0.2882,0.236,0.6077,0.2394,0.2321,0.5371,0.0013,0.0089,2,1,1,1,87,104,523,188,3.24,MA,32
H-ZF7LA,805255,1.77506,1.78155,1.79121,1.79611,1.79752,1.79885,1.80491,1.80518,1.81263,1.82774,1.8297,1.8471,1.86458,,25.46,25.25,0.03163,0.03218,3.12E+00,-1.21E-02,4.28E-02,2.50E-03,-1.17E-04,2.28E-05,0.2868,0.2355,0.6121,0.2381,0.2315,0.5407,0.0021,0.0098,1,1,1,1,90,113,513,192,3.35,MA,37
H-ZF7LAGT,805255,1.77506,1.78155,1.79121,1.79611,1.79752,1.79885,1.80491,1.80518,1.81263,1.82774,1.8297,1.8471,1.86458,,25.46,25.25,0.03163,0.03218,3.12E+00,-1.21E-02,4.28E-02,2.50E-03,-1.17E-04,2.28E-05,0.2868,0.2355,0.6121,0.2381,0.2315,0.5407,0.0021,0.0098,1,1,1,1,90,113,513,192,3.35,MA,37
H-ZF10,689312,1.66709,1.67198,1.67899,1.68251,1.68315,1.68445,1.68874,1.68893,1.69416,1.70462,1.70596,1.71786,1.72964,1.75182,31.16,30.92,0.022109,0.02245,2.76E+00,-1.13E-02,2.82E-02,1.75E-03,-1.21E-04,1.55E-05,0.2906,0.2363,0.5989,0.2415,0.2327,0.5299,0.0006,0.0063,1,1,1,1,91,119,527,175,2.92,MA,20
H-ZF11,699301,1.67613,1.68122,1.68853,1.69221,1.69326,1.69425,1.69875,1.69894,1.70444,1.71547,1.71689,1.72947,1.74193,1.7656,30.05,29.81,0.023259,0.023628,2.79E+00,-1.23E-02,2.82E-02,2.34E-03,-1.93E-04,2.03E-05,0.2894,0.2365,0.6019,0.2404,0.2328,0.5324,0.0011,0.0074,2,1,1,1,90,113,521,175,2.95,A,22
H-ZF12,762266,1.73421,1.7403,1.74911,1.75359,1.75487,1.75608,1.76157,1.76182,1.76857,1.78221,1.78399,1.79974,1.81558,,26.61,26.39,0.028631,0.029118,2.99E+00,-1.56E-02,3.26E-02,4.08E-03,-4.24E-04,4.04E-05,0.2873,0.2357,0.6123,0.2386,0.2318,0.5409,0.0019,0.0119,2,1,1,1,84,101,538,155,3.17,A,46
H-ZF13,785257,1.75543,1.76183,1.7712,1.77597,1.77733,1.77861,1.78446,1.78472,1.79191,1.80648,1.80837,1.8253,1.84236,,25.72,25.51,0.03051,0.031042,3.05E+00,-1.23E-02,4.22E-02,1.82E-03,-2.88E-05,1.89E-05,0.2867,0.2356,0.6168,0.238,0.2315,0.5454,0.0023,0.0149,1,1,1,1,86,106,544,187,3.25,MA,38
H-ZF13GT,785257,1.75543,1.76183,1.7712,1.77597,1.77733,1.77861,1.78446,1.78472,1.79191,1.80648,1.80837,1.8253,1.84236,,25.72,25.51,0.03051,0.031042,3.05E+00,-1.23E-02,4.22E-02,1.82E-03,-2.88E-05,1.89E-05,0.2867,0.2356,0.6168,0.238,0.2315,0.5454,0.0023,0.0149,1,1,1,1,86,106,544,187,3.25,MA,38
H-ZF39,667330,1.64667,1.65122,1.65769,1.66093,1.66184,1.66271,1.66663,1.6668,1.67157,1.6811,1.68232,1.69311,1.70372,1.72361,33.05,32.8,0.020173,0.020477,2.70E+00,-1.06E-02,2.63E-02,1.29E-03,-6.76E-05,1.10E-05,0.2911,0.2363,0.595,0.2457,0.2364,0.5346,0.0007,0.0055,2,1,1,1,90,112,531,168,2.92,C,30
H-ZF50,741278,1.71485,1.7206,1.72888,1.73307,1.73427,1.7354,1.74054,1.74077,1.74707,1.75976,1.76139,1.77599,1.79061,,27.76,27.54,0.026685,0.027125,2.92E+00,-1.50E-02,3.00E-02,3.86E-03,-4.21E-04,3.87E-05,0.2886,0.2361,0.6082,0.2396,0.2323,0.5382,0.0012,0.0098,1,1,1,1,95,113,528,178,3.1,A,33
H-ZF52,847238,1.81306,1.82033,1.83101,1.83649,1.83807,1.83956,1.84636,1.84666,1.85505,1.87209,1.8743,1.89409,1.91412,,23.78,23.6,0.035597,0.036234,3.27E+00,-2.05E-02,3.52E-02,7.70E-03,-9.08E-04,7.53E-05,0.2857,0.2356,0.618,0.2372,0.2314,0.5461,0.0022,0.0128,2,1,1,1,88,108,555,185,3.51,A,40
H-ZF52GT,847238,1.81306,1.82033,1.83101,1.83649,1.83807,1.83956,1.84636,1.84666,1.85505,1.87209,1.8743,1.89409,1.91412,,23.78,23.6,0.035597,0.036234,3.27E+00,-2.05E-02,3.52E-02,7.70E-03,-9.08E-04,7.53E-05,0.2857,0.2356,0.618,0.2372,0.2314,0.5461,0.0022,0.0128,2,1,1,1,88,108,555,185,3.51,A,40
H-ZF52TT,847238,1.81306,1.82033,1.83101,1.83649,1.83807,1.83956,1.84636,1.84666,1.85505,1.87209,1.8743,1.89409,1.91412,,23.78,23.6,0.035597,0.036234,3.27E+00,-2.05E-02,3.52E-02,7.70E-03,-9.08E-04,7.53E-05,0.2857,0.2356,0.618,0.2372,0.2314,0.5461,0.0022,0.0128,2,1,1,1,88,108,555,185,3.51,A,65
H-ZF62,923209,1.88192,1.89064,1.90366,1.91038,1.91231,1.91413,1.92248,1.92286,1.93323,1.95457,1.95738,1.98285,2.00928,,20.88,20.71,0.044198,0.045071,3.50E+00,-1.92E-02,5.37E-02,6.65E-03,-6.78E-04,8.33E-05,0.2824,0.2346,0.6399,0.2341,0.2301,0.5652,0.0047,0.0298,1,1,1,1,64,77,475,200,4.01,A,123
H-ZF71,808227,1.77449,1.7818,1.7925,1.79797,1.79955,1.80102,1.8078,1.8081,1.81648,1.83358,1.83582,1.85599,1.87666,,22.7,22.51,0.035602,0.036271,3.12E+00,-1.84E-02,3.95E-02,5.51E-03,-5.78E-04,6.11E-05,0.2844,0.2354,0.6296,0.2358,0.231,0.5561,0.0031,0.0225,1,1,1,1,93,105,428,275,3.3,B,184
H-ZF72A,923189,1.87807,1.88764,1.90181,1.90916,1.91127,1.91327,1.92245,1.92286,1.93429,1.958,1.96113,1.98971,2.01979,,18.9,18.74,0.048839,0.049853,3.50E+00,-2.71E-02,4.77E-02,1.10E-02,-1.32E-03,1.34E-04,0.2806,0.2341,0.6493,0.2324,0.2293,0.5733,0.0062,0.0357,1,1,1,1,67,84,484,193,3.57,A,174
H-ZF88,946179,1.89797,1.90818,1.92333,1.93122,1.93349,1.93563,1.94551,1.94595,1.95827,1.98394,1.98733,2.01845,2.05143,,17.94,17.8,0.052723,0.053845,3.58E+00,-3.04E-02,4.82E-02,1.32E-02,-1.64E-03,1.62E-04,0.2794,0.2337,0.6548,0.2314,0.2288,0.5782,0.0072,0.0396,1,1,1,1,60,73,520,202,3.52,A,128
H-LaF1,694492,1.67855,1.68226,1.68708,1.68944,1.69011,1.69073,1.6935,1.69362,1.69696,1.70354,1.70436,1.7114,1.71803,1.72957,49.19,48.9,0.0141,0.014252,2.82E+00,-1.64E-02,1.37E-02,2.48E-03,-2.59E-04,1.31E-05,0.2965,0.2369,0.5557,0.2463,0.2344,0.4937,0.0039,-0.0048,1,3,1,3,71,85,613,158,3.85,B,43
H-LaF2,717479,1.70107,1.70476,1.70997,1.71248,1.7132,1.71387,1.71687,1.717,1.72056,1.72745,1.72832,1.73584,1.74291,1.75526,47.89,47.65,0.014972,0.015122,2.87E+00,-5.71E-03,2.92E-02,-1.46E-03,2.53E-04,-1.09E-05,0.3016,0.238,0.5604,0.2512,0.2356,0.4973,-0.003,-0.0038,1,3,1,6,74,91,561,205,4.25,A,35
H-LaF3B,744449,1.7267,1.73068,1.7363,1.73906,1.73984,1.74057,1.74386,1.744,1.74794,1.75563,1.7566,1.76502,1.77298,1.78694,44.9,44.63,0.01657,0.01676,2.96E+00,-7.46E-03,2.94E-02,-7.10E-04,1.80E-04,-7.43E-06,0.2981,0.2378,0.5667,0.2482,0.2351,0.5024,-0.001,-0.0025,1,3,1,3,80,97,568,182,4.39,MA,33
H-LaF4,750350,1.72804,1.73278,1.73975,1.74319,1.74419,1.74511,1.74932,1.7495,1.75458,1.76461,1.76589,1.77717,1.78817,1.80838,34.99,34.78,0.021421,0.021697,2.96E+00,-5.58E-03,3.73E-02,-7.19E-04,2.00E-04,-2.80E-06,0.2946,0.2371,0.5863,0.2448,0.234,0.5199,-0.0022,0.0003,1,3,1,2,80,95,545,178,3.92,MA,39
H-LaF4GT,750350,1.72804,1.73278,1.73975,1.74319,1.74419,1.74511,1.74932,1.7495,1.75458,1.76461,1.76589,1.77717,1.78817,1.80838,34.99,34.78,0.021421,0.021697,2.96E+00,-5.58E-03,3.73E-02,-7.19E-04,2.00E-04,-2.80E-06,0.2946,0.2371,0.5863,0.2448,0.234,0.5199,-0.0022,0.0003,1,3,1,2,80,95,545,178,3.92,MA,39
H-LaFL5,754375,1.73306,1.7378,1.74446,1.74774,1.74867,1.74955,1.7535,1.75367,1.75842,1.76785,1.76906,1.77952,1.7897,1.80821,37.49,37.21,0.020102,0.020382,2.98E+00,-1.13E-02,3.10E-02,4.32E-04,4.82E-05,2.95E-06,0.295,0.2263,0.5805,0.2453,0.233,0.5132,0,-0.0013,1,3,1,5,70,84,576,135,3.71,B,63
H-LaF6LA,757477,1.73966,1.74392,1.74953,1.75223,1.75298,1.75369,1.75686,1.757,1.76078,1.76809,1.76901,1.77689,1.78426,1.79713,47.71,47.47,0.015866,0.016028,3.02E+00,-1.58E-02,2.28E-02,9.80E-04,-6.87E-05,4.74E-06,0.3006,0.2382,0.5546,0.2508,0.2358,0.4916,-0.0029,-0.0098,1,3,1,6,57,69,729,86,4.06,A,44
H-LaF7,782371,1.76035,1.76525,1.77216,1.77559,1.77657,1.77748,1.78161,1.78179,1.78679,1.79667,1.79793,1.80891,1.8195,1.8387,37.09,36.83,0.021077,0.021366,3.08E+00,-1.21E-02,3.13E-02,9.86E-04,-1.34E-05,5.50E-06,0.294,0.237,0.5806,0.2446,0.2338,0.5138,-0.0004,-0.0019,1,3,1,5,80,95,571,161,3.77,B,58
H-LaF10LA,788475,1.77,1.77435,1.7802,1.783,1.78379,1.78453,1.78785,1.788,1.79195,1.79959,1.80055,1.8088,1.81654,1.82996,47.49,47.26,0.016592,0.016758,3.12E+00,-1.38E-02,2.72E-02,1.41E-04,5.42E-05,-1.61E-06,0.3014,0.2381,0.5551,0.2512,0.2357,0.4923,-0.0032,-0.0097,1,3,1,3,61,77,652,100,4.3,A,47
H-LaF50B,773496,1.75542,1.75959,1.76514,1.7678,1.76854,1.76924,1.77236,1.7725,1.77621,1.78337,1.78427,1.79196,1.79915,1.81152,49.6,49.36,0.015575,0.015725,3.07E+00,-1.36E-02,2.58E-02,-1.66E-05,6.95E-05,-2.88E-06,0.3018,0.2382,0.5507,0.2518,0.2359,0.4882,-0.0029,-0.0105,1,3,1,3,58,75,770,92,4.24,MA,38
H-LaF51,700481,1.6844,1.68814,1.69319,1.69564,1.69633,1.69697,1.69987,1.7,1.70346,1.7102,1.71104,1.71835,1.72526,1.73736,48.08,47.8,0.014559,0.014717,2.83E+00,-1.14E-02,2.17E-02,3.86E-04,1.32E-05,6.84E-07,0.2995,0.2377,0.56,0.2494,0.2351,0.4969,-0.0004,-0.0038,1,4,2,3,80,94,576,175,3.82,B,37
H-LaF52,786442,1.76701,1.7715,1.77762,1.78059,1.78142,1.78221,1.78574,1.7859,1.79013,1.79837,1.79941,1.80837,1.81684,1.83164,44.19,43.93,0.017786,0.017988,3.11E+00,-1.36E-02,2.79E-02,4.60E-04,3.21E-05,-2.81E-07,0.2985,0.2378,0.5622,0.2491,0.2352,0.4981,-0.0022,-0.0082,1,3,1,2,59,72,668,,4.39,A,48
H-LaF53,743492,1.72681,1.73079,1.73616,1.73874,1.73946,1.74014,1.74317,1.7433,1.7469,1.75384,1.75471,1.76216,1.76915,1.78119,49.22,48.99,0.015101,0.015246,2.97E+00,-1.09E-02,2.65E-02,-5.16E-04,1.24E-04,-5.16E-06,0.3018,0.2384,0.551,0.2516,0.2361,0.4887,-0.003,-0.0109,1,3,1,3,55,73,698,104,4.16,MA,54
H-LaF54,800422,1.77963,1.78426,1.79072,1.79387,1.79476,1.7956,1.79935,1.79952,1.80401,1.8128,1.81391,1.82354,1.8327,1.84881,42.24,42,0.018927,0.019145,3.14E+00,-1.01E-02,3.43E-02,-8.33E-04,2.17E-04,-8.70E-06,0.2983,0.2372,0.5674,0.2486,0.2345,0.503,-0.0021,-0.0064,1,3,1,2,57,70,698,104,4.51,B,57
H-LaF55,762401,1.74254,1.74699,1.75327,1.75639,1.75727,1.7581,1.76183,1.762,1.76651,1.77539,1.77652,1.78629,1.79565,1.81236,40.11,39.82,0.019,0.01925,3.02E+00,-1.05E-02,2.89E-02,6.97E-04,6.36E-06,2.82E-06,0.2952,0.2373,0.5734,0.2458,0.2343,0.5074,-0.0004,-0.004,1,4,2,3,82,95,506,179,4.3,C,55
H-LaF62,720437,1.70288,1.70687,1.71239,1.71511,1.71588,1.7166,1.71985,1.72,1.72391,1.73159,1.73256,1.74095,1.74889,1.76297,43.68,43.39,0.016483,0.016682,2.89E+00,-1.18E-02,2.21E-02,1.33E-03,-9.98E-05,6.90E-06,0.2967,0.2372,0.5679,0.247,0.2344,0.5029,0.0001,-0.0034,1,3,1,3,70,88,578,173,3.89,A,38
H-ZLaF1,802443,1.7823,1.78693,1.79321,1.79624,1.7971,1.7979,1.8015,1.80166,1.80597,1.81435,1.81541,1.82453,1.83316,1.84827,44.26,44.02,0.018111,0.018311,3.16E+00,-1.42E-02,2.95E-02,2.13E-04,6.59E-05,-1.66E-06,0.2992,0.2378,0.5623,0.2491,0.2352,0.4983,-0.0028,-0.008,1,3,1,6,53,72,725,98,4.3,C,86
H-ZLaF2A,803468,1.78423,1.7887,1.79473,1.79763,1.79845,1.79921,1.80264,1.80279,1.80688,1.8148,1.81579,1.82436,1.8324,1.84634,46.76,46.52,0.017168,0.017345,3.17E+00,-1.39E-02,2.88E-02,-1.63E-05,8.62E-05,-3.37E-06,0.3006,0.2382,0.5566,0.2502,0.2358,0.4939,-0.0028,-0.0095,1,3,1,3,58,78,755,96,4.65,B,120
H-ZLaF3,855366,1.83155,1.83703,1.84474,1.84856,1.84964,1.85065,1.85524,1.85544,1.86099,1.87194,1.87333,1.88546,1.89718,1.91836,36.59,36.34,0.023381,0.023694,3.33E+00,-1.42E-02,3.66E-02,1.02E-03,-3.17E-06,5.77E-06,0.2943,0.2373,0.5781,0.2448,0.2342,0.5118,-0.0013,-0.0053,1,3,1,5,60,74,681,98,4.5,C,103
H-ZLaF4LA,911353,1.88482,1.89065,1.89905,1.90323,1.90442,1.90554,1.9106,1.91082,1.91695,1.92907,1.93062,1.94413,1.95719,1.98085,35.25,35.01,0.025839,0.026194,3.52E+00,-1.21E-02,4.36E-02,5.93E-04,8.41E-05,2.27E-06,0.2937,0.2372,0.5827,0.2443,0.234,0.5156,-0.0013,-0.003,1,2,1,1,71,85,728,92,5.07,A,92
H-ZLaF50E,804466,1.78548,1.78992,1.79592,1.79883,1.79965,1.80041,1.80386,1.804,1.80812,1.8161,1.81709,1.82573,1.8338,1.84778,46.57,46.33,0.017263,0.017443,3.17E+00,-1.39E-02,2.78E-02,3.51E-04,4.08E-05,-1.46E-06,0.2995,0.2387,0.5581,0.2494,0.2362,0.4952,-0.0022,-0.0083,1,2,1,3,62,78,705,96,4.44,MA,56
H-ZLaF51,805396,1.78343,1.78832,1.79514,1.79849,1.79943,1.80032,1.80433,1.8045,1.80932,1.81879,1.81998,1.83042,1.84039,1.85819,39.64,39.39,0.020298,0.020549,3.16E+00,-1.27E-02,3.25E-02,3.74E-04,6.46E-05,7.28E-08,0.2964,0.2375,0.573,0.2467,0.2346,0.5081,-0.0014,-0.0052,1,3,1,3,52,68,664,101,4.41,B,64
H-ZLaF52A,806410,1.78566,1.79039,1.79701,1.80026,1.80119,1.80205,1.80593,1.8061,1.81077,1.81992,1.82107,1.83111,1.84064,1.85749,41.02,40.76,0.019653,0.019889,3.17E+00,-1.15E-02,3.26E-02,9.57E-05,9.63E-05,-2.45E-06,0.2972,0.2376,0.5694,0.2469,0.2348,0.5048,-0.0016,-0.0065,1,4,1,3,61,75,596,93,4.48,MA,42
H-ZLaF53B,834372,1.81118,1.81638,1.82374,1.82739,1.82843,1.8294,1.8338,1.834,1.8393,1.8498,1.85113,1.86276,1.87392,1.89397,37.21,36.98,0.022413,0.022697,3.26E+00,-1.23E-02,3.55E-02,7.06E-04,4.35E-05,1.96E-06,0.2949,0.2365,0.5782,0.2454,0.2335,0.5124,-0.0008,-0.0041,1,4,1,2,59,72,613,93,4.54,MA,47
H-ZLaF53BGT,834372,1.81118,1.81638,1.82374,1.82739,1.82843,1.8294,1.8338,1.834,1.8393,1.8498,1.85113,1.86276,1.87392,1.89397,37.21,36.98,0.022413,0.022697,3.26E+00,-1.23E-02,3.55E-02,7.06E-04,4.35E-05,1.96E-06,0.2949,0.2365,0.5782,0.2454,0.2335,0.5124,-0.0008,-0.0041,1,4,1,2,59,72,613,93,4.54,MA,47
H-ZLaF55D,835427,1.81424,1.81906,1.82572,1.82898,1.8299,1.83076,1.83464,1.83481,1.83945,1.84852,1.84966,1.85956,1.8689,1.88533,42.73,42.49,0.019539,0.019756,3.27E+00,-1.29E-02,3.28E-02,1.83E-04,7.64E-05,-1.75E-06,0.2982,0.2375,0.5649,0.2485,0.2349,0.5013,-0.0019,-0.0081,1,2,1,2,64,81,684,97,4.56,MA,65
H-ZLaF56B,806333,1.78189,1.78732,1.79513,1.79902,1.80012,1.80117,1.80589,1.8061,1.81184,1.82325,1.8247,1.83755,1.85016,1.87351,33.27,33.03,0.02423,0.024579,3.15E+00,-1.12E-02,3.75E-02,7.87E-04,2.97E-05,7.45E-06,0.2924,0.2368,0.5903,0.2431,0.2334,0.5229,-0.0005,0.0013,1,3,1,2,74,86,582,149,3.79,MA,41
H-ZLaF66,801350,1.77792,1.78312,1.79057,1.79427,1.79533,1.79632,1.8008,1.801,1.80642,1.81718,1.81856,1.83062,1.84238,1.86393,34.97,34.72,0.022907,0.023227,3.14E+00,-1.05E-02,3.66E-02,3.99E-04,7.66E-05,3.24E-06,0.2938,0.2366,0.5872,0.2441,0.2333,0.5197,-0.0008,0.001,1,3,1,3,79,93,596,204,3.89,A,44
H-ZLaF66GT,801350,1.77792,1.78312,1.79057,1.79427,1.79533,1.79632,1.8008,1.801,1.80642,1.81718,1.81856,1.83062,1.84238,1.86393,34.97,34.72,0.022907,0.023227,3.14E+00,-1.05E-02,3.66E-02,3.99E-04,7.66E-05,3.24E-06,0.2938,0.2366,0.5872,0.2441,0.2333,0.5197,-0.0008,0.001,1,3,1,3,79,93,596,204,3.89,A,44
H-ZLaF68N,883392,1.85985,1.86515,1.87263,1.87634,1.87739,1.87836,1.8828,1.883,1.88834,1.89885,1.90018,1.91175,1.92278,1.9424,39.22,38.96,0.022515,0.022799,3.43E+00,-1.27E-02,3.80E-02,3.98E-04,8.03E-05,-6.07E-07,0.2958,0.2372,0.573,0.2461,0.2342,0.5075,-0.0014,-0.006,1,1,1,1,58,86,687,96,5.17,B,126
H-ZLaF69,816465,1.79725,1.80171,1.80779,1.81074,1.81157,1.81235,1.81585,1.816,1.82016,1.82828,1.82928,1.83802,1.84622,1.86041,46.54,46.31,0.01753,0.01771,3.21E+00,-1.30E-02,2.92E-02,1.88E-04,5.71E-05,-1.96E-06,0.2998,0.2376,0.5559,0.2499,0.2352,0.4933,-0.0016,-0.0105,1,3,1,2,64,78,721,128,5.01,B,207
H-ZLaF71,850323,1.82394,1.82989,1.83835,1.84258,1.84377,1.84491,1.85003,1.85026,1.85648,1.86891,1.87047,1.8845,1.89823,,32.3,32.08,0.026326,0.026702,3.30E+00,-1.57E-02,3.74E-02,2.17E-03,-1.49E-04,1.85E-05,0.2917,0.2363,0.5925,0.243,0.233,0.5254,0,0.0018,1,3,1,3,76,92,607,131,4.22,B,79
H-ZLaF75B,904314,1.8751,1.88147,1.89066,1.89527,1.89659,1.89782,1.90341,1.90366,1.91046,1.92404,1.92577,1.94113,1.95615,1.98403,31.42,31.19,0.028762,0.029189,3.48E+00,-1.33E-02,4.65E-02,1.01E-03,5.58E-05,7.97E-06,0.2917,0.2364,0.5943,0.2422,0.233,0.5261,-0.0004,0.0023,1,1,1,1,70,88,587,122,4.56,MA,76
H-ZLaF76,850301,1.82207,1.8284,1.83741,1.84191,1.8432,1.84441,1.84989,1.85013,1.85681,1.8702,1.87191,1.88715,1.90221,,30.06,29.83,0.028285,0.028719,3.30E+00,-1.72E-02,3.87E-02,2.68E-03,-2.04E-04,2.43E-05,0.2907,0.2363,0.5995,0.2417,0.2327,0.5307,-0.0001,0.005,1,3,1,5,68,83,615,137,3.98,A,98
H-ZLaF78B,901371,1.87598,1.88159,1.88956,1.89353,1.89466,1.89571,1.90048,1.90069,1.90646,1.91784,1.91928,1.9319,1.94398,1.96571,37.05,36.82,0.02431,0.02462,3.49E+00,-1.33E-02,4.00E-02,8.23E-04,3.93E-05,2.87E-06,0.2946,0.2373,0.5783,0.2449,0.2344,0.5126,-0.0013,-0.0043,1,1,1,1,68,86,716,101,4.95,B,110
H-ZLaF85L,852407,1.82972,1.83478,1.84183,1.84529,1.84628,1.84719,1.85132,1.8515,1.85647,1.8662,1.86743,1.87811,1.88824,1.90616,40.73,40.49,0.020908,0.021154,3.33E+00,-1.32E-02,3.50E-02,2.54E-04,8.70E-05,-1.84E-06,0.297,0.2377,0.5696,0.2468,0.2349,0.5049,-0.002,-0.0067,1,2,1,3,65,81,705,95,4.62,,
H-ZLaF89L,954323,1.92448,1.93098,1.9404,1.94513,1.94648,1.94774,1.95349,1.95375,1.96073,1.97465,1.97642,1.99208,2.00732,2.03535,32.31,32.09,0.02952,0.02994,3.67E+00,-1.37E-02,4.84E-02,1.32E-03,2.42E-05,8.50E-06,0.292,0.2364,0.5904,0.2428,0.2331,0.523,-0.0004,-0.0002,1,1,1,1,72,88,698,107,5.1,C,69
H-ZLaF90,1254,1.96315,1.97128,1.98327,1.9894,1.99115,1.9928,2.00035,2.00069,2.00995,2.02875,2.03117,2.0529,2.07471,,25.43,25.24,0.039357,0.04002,3.82E+00,-1.89E-02,5.45E-02,5.09E-03,-4.44E-04,5.05E-05,0.287,0.2352,0.6137,0.2384,0.2313,0.5431,0.0021,0.0113,1,1,1,1,70,87,625,124,4.74,B,90
H-ZLaF92,3283,1.96892,1.97643,1.98746,1.99306,1.99465,1.99616,2.003,2.0033,2.01167,2.0285,2.03064,2.04987,2.06885,2.10467,28.32,28.11,0.035432,0.035996,3.84E+00,-1.55E-02,5.58E-02,2.58E-03,-9.64E-05,2.26E-05,0.289,0.2362,0.6031,0.2403,0.2325,0.5342,0.0009,0.0057,1,1,1,1,69,87,697,96,5.02,C,97
H-KF6,517522,1.50638,1.50918,1.51275,1.51444,1.51491,1.51535,1.51733,1.51742,1.51977,1.52436,1.52493,1.52989,1.5346,1.54295,52.15,51.85,0.009922,0.010024,2.27E+00,-1.11E-02,1.10E-02,8.11E-04,-7.07E-05,4.70E-06,0.3008,0.2378,0.5575,0.2505,0.2353,0.495,0.0002,0.0007,1,1,1,1,70,88,456,73,2.47,A,21
TF3,612441,1.59728,1.60098,1.6059,1.60825,1.60891,1.60953,1.6123,1.61242,1.61573,1.62214,1.62295,1.62997,1.63662,1.64833,44.09,43.85,0.01389,0.014041,2.54E+00,-1.07E-02,2.17E-02,-4.02E-04,1.22E-04,-4.78E-06,0.3002,0.2383,0.5634,0.25,0.2357,0.4996,-0.0041,-0.0073,1,3,2,6,,64,440,99,3.25,B,90
H-TF3L,613441,1.59837,1.60205,1.60691,1.60924,1.6099,1.61051,1.61327,1.6134,1.61669,1.62315,1.62394,1.63097,1.63767,,44.11,43.91,0.013907,0.014044,2.55E+00,-1.26E-02,1.82E-02,6.78E-04,-2.85E-05,3.26E-06,0.2989,0.2364,0.5622,0.2492,0.2341,0.5002,-0.0009,-0.0083,1,1,1,1,,77,625,90,2.8,C,120
H-ZPK1A,618634,1.60715,1.60981,1.61334,1.61503,1.6155,1.61594,1.61791,1.618,1.62032,1.62478,1.62533,1.63004,1.63439,1.64177,63.39,63.11,0.009748,0.009829,2.58E+00,-7.80E-03,1.52E-02,-2.08E-05,2.29E-05,-8.23E-07,0.3047,0.238,0.5396,0.2543,0.236,0.4792,0.0024,0.0019,1,1,1,4,99,114,379,324,3.61,MA,69
H-ZPK2A,603655,1.59256,1.59517,1.59858,1.60019,1.60063,1.60105,1.60292,1.603,1.6052,1.6094,1.60992,1.61438,1.6185,1.6255,65.47,65.15,0.00921,0.00929,2.53E+00,-8.34E-03,1.47E-02,-2.17E-04,5.36E-05,-2.46E-06,0.3051,0.2389,0.5407,0.2551,0.2368,0.4801,0.002,0.0065,3,1,1,4,93,115,382,273,3.5,A,76
H-ZPK3,593673,1.58328,1.5859,1.58923,1.59078,1.59122,1.59162,1.59341,1.59349,1.59559,1.5996,1.6001,1.60433,1.60823,1.61483,67.29,67.07,0.00882,0.00888,2.50E+00,-9.56E-03,1.35E-02,-1.07E-04,3.75E-05,-1.78E-06,0.3073,0.2381,0.5363,0.2556,0.2365,0.4764,0.0017,0.0052,4,1,1,4,96,115,446,270,3.36,A,132
H-ZPK5,593685,1.58333,1.58561,1.5887,1.59018,1.5906,1.59099,1.59273,1.5928,1.59487,1.59884,1.59933,1.60354,1.60745,1.61407,68.52,68.13,0.008652,0.008731,2.50E+00,-6.02E-03,1.34E-02,-5.81E-05,3.10E-05,-1.43E-06,0.3028,0.2393,0.5432,0.252,0.2371,0.4822,0.0065,0.0142,1,1,1,1,124,144,,378,4.29,B,125
D-FK61,497816,1.49017,1.49185,1.49408,1.49514,1.49544,1.49571,1.49694,1.497,1.49845,1.50123,1.50158,1.50451,1.50722,1.51178,81.61,81.2,0.00609,0.006139,2.22E+00,-4.66E-03,9.08E-03,-1.09E-04,2.81E-05,-1.40E-06,0.3054,0.2381,0.5386,0.2541,0.2362,0.4773,0.0112,0.0319,1,1,2,2,145,170,332,358,3.9,B,96
D-K59,518635,1.50793,1.51046,1.51362,1.51508,1.5155,1.51587,1.51753,1.5176,1.51954,1.52323,1.5237,1.5276,1.5312,1.53732,63.5,63.4,0.00815,0.0082,2.27E+00,-8.76E-03,1.32E-02,-5.49E-04,9.37E-05,-4.42E-06,0.3092,0.238,0.536,0.2561,0.2366,0.4754,-0.0023,-0.0016,1,1,1,1,60,80,609,70,2.41,B,22
D-PK3,525704,1.51608,1.51845,1.52136,1.5227,1.52307,1.52341,1.52494,1.525,1.52679,1.53016,1.53058,1.53412,1.53737,1.54285,70.37,70.14,0.00746,0.00751,2.30E+00,-9.45E-03,1.08E-02,-7.59E-05,2.70E-05,-1.30E-06,0.3083,0.24,0.5302,0.257,0.2383,0.4707,0.0004,0.0043,1,1,3,3,81,98,447,136,2.65,C,144
D-ZPK1A,621638,1.61006,1.61272,1.61624,1.61791,1.61838,1.61882,1.62078,1.62087,1.62318,1.62764,1.62819,1.63291,1.63729,1.64471,63.83,63.55,0.009727,0.009806,2.59E+00,-8.36E-03,1.47E-02,6.51E-05,2.04E-05,-9.57E-07,0.3043,0.2375,0.5418,0.2539,0.2356,0.4813,0.0036,0.0048,1,1,1,4,105,128,,340,3.69,B,112
D-ZK2,583594,1.57196,1.5748,1.57843,1.58013,1.58061,1.58106,1.58304,1.58313,1.58547,1.58995,1.59051,1.59526,1.59965,1.60712,59.38,59.13,0.00982,0.009901,2.47E+00,-1.04E-02,1.37E-02,2.55E-04,-4.78E-06,3.21E-07,0.3055,0.2383,0.5407,0.2545,0.2363,0.4797,-0.0011,-0.0039,2,3,1,6,73,92,610,93,2.96,B,29
D-ZK3,589612,1.57793,1.58084,1.58448,1.58618,1.58665,1.58709,1.58904,1.58913,1.59143,1.59581,1.59636,1.60096,1.60521,1.61244,61.15,60.93,0.009634,0.009706,2.49E+00,-1.22E-02,1.26E-02,5.32E-04,-5.10E-05,2.87E-06,0.3064,0.2385,0.5346,0.2555,0.2368,0.4739,-0.0013,-0.007,2,3,3,6,72,93,628,125,2.83,B,29
D-ZK79,609579,1.59709,1.60002,1.60385,1.60566,1.60617,1.60665,1.60876,1.60886,1.61136,1.61617,1.61677,1.62189,1.62664,1.63474,57.9,57.7,0.010516,0.010595,2.55E+00,-9.68E-03,1.57E-02,3.67E-05,2.96E-05,-1.32E-06,0.3043,0.2377,0.5439,0.2539,0.2359,0.4831,-0.0007,-0.0032,3,3,2,2,81,99,586,141,3.19,B,49
D-LaK5,678549,1.66399,1.66749,1.67201,1.67415,1.67474,1.6753,1.67779,1.6779,1.68084,1.6865,1.6872,1.69323,1.69882,1.70839,54.89,54.63,0.01235,0.012461,2.76E+00,-1.32E-02,1.83E-02,3.01E-04,4.56E-06,-2.05E-09,0.304,0.2381,0.5453,0.2537,0.2359,0.4839,-0.0018,-0.0069,4,4,1,3,73,94,647,139,3.37,B,41
D-LaK6,694531,1.67924,1.68289,1.68764,1.68989,1.69052,1.6911,1.69373,1.69384,1.69696,1.70295,1.70369,1.71009,1.71605,1.72625,53.1,52.9,0.01306,0.01317,2.81E+00,-1.34E-02,1.97E-02,2.49E-04,1.98E-05,-8.03E-07,0.3025,0.2389,0.5466,0.2521,0.2369,0.4859,-0.0063,-0.0087,1,3,1,6,75,95,665,138,3.5,B,42
D-LaK70,669554,1.65543,1.65886,1.66331,1.66542,1.66602,1.66656,1.66899,1.6691,1.67197,1.6775,1.67819,1.68409,1.68956,1.69891,55.39,55.22,0.01208,0.01217,2.73E+00,-1.14E-02,2.03E-02,-4.78E-04,1.10E-04,-5.30E-06,0.3046,0.2376,0.5454,0.2531,0.2358,0.4846,-0.0017,-0.006,1,3,1,6,73,91,660,135,3.35,B,39
D-ZF10,689311,1.66701,1.67192,1.67896,1.68249,1.6835,1.68445,1.68874,1.68893,1.69417,1.70466,1.70601,1.71796,1.72976,1.752,31.08,30.84,0.022168,0.022511,2.76E+00,-1.05E-02,2.99E-02,1.22E-03,-3.92E-05,1.11E-05,0.2906,0.2363,0.6,0.2415,0.2327,0.5309,0.0006,0.0072,3,1,2,1,100,129,589,178,2.84,C,48
D-ZF93,2207,1.95731,1.96671,1.98076,1.98805,1.99017,1.99215,2.00129,2.0017,2.01305,2.03645,2.0395,2.06737,2.09633,,20.7,20.53,0.048391,0.049345,3.80E+00,-2.65E-02,4.81E-02,1.21E-02,-1.49E-03,1.37E-04,0.282,0.2345,0.6391,0.2337,0.23,0.5648,0.0053,0.0286,1,4,1,4,78,94,440,250,6.11,C,370
D-LaF50,774496,1.75725,1.76124,1.76667,1.76931,1.77006,1.77075,1.77386,1.774,1.77771,1.78492,1.78582,1.79357,1.80081,1.8133,49.59,49.31,0.015608,0.015769,3.07E+00,-1.16E-02,2.54E-02,2.21E-04,3.70E-05,-1.22E-06,0.3005,0.2377,0.5542,0.2499,0.2351,0.4915,-0.0006,-0.007,1,4,1,3,73,89,614,110,4.93,A,96
D-LaF050,768493,1.75138,1.75554,1.76106,1.76372,1.76447,1.76516,1.76828,1.76842,1.77213,1.77931,1.78021,1.7879,1.7951,1.8075,49.28,49.06,0.015592,0.01574,3.06E+00,-1.47E-02,2.36E-02,6.71E-04,-2.76E-05,2.13E-06,0.3014,0.2379,0.5509,0.251,0.2357,0.4886,-0.0022,-0.0109,1,3,1,3,57,74,756,104,4.51,A,91
D-LaF53,743493,1.72683,1.73084,1.73619,1.73876,1.73948,1.74016,1.74317,1.7433,1.74689,1.75383,1.7547,1.76214,1.7691,1.78111,49.33,49.07,0.015069,0.015221,2.97E+00,-1.33E-02,2.36E-02,3.19E-04,1.70E-05,-8.97E-08,0.3013,0.2382,0.5516,0.2509,0.2359,0.4889,-0.0022,-0.01,1,3,1,6,56,72,673,101,4.26,A,75
D-LaF79,731405,,,1.72243,1.72542,1.72626,1.72705,1.73061,1.73077,1.73505,1.74346,1.74452,1.75379,1.76267,1.77858,40.51,40.25,0.01804,0.018262,2.92E+00,-1.64E-02,2.46E-02,1.06E-03,-3.32E-05,4.29E-06,0.2966,0.2373,0.5726,0.247,0.2344,0.5076,-0.0014,-0.0041,1,3,1,6,90,111,618,,3.21,C,54
D-LaF82L,735488,1.71834,1.72234,1.72771,1.7303,1.73102,1.7317,1.73472,1.73485,1.73843,1.74537,1.74623,1.75369,1.76068,1.77273,48.77,48.54,0.015068,0.015214,2.94E+00,-1.10E-02,2.69E-02,-7.44E-04,1.63E-04,-7.32E-06,0.302,0.2373,0.5523,0.2518,0.235,0.4901,-0.0022,-0.0104,1,3,1,6,53,70,688,62,4.1,C,84
D-ZLaF50,803455,1.7846,1.78904,1.79513,1.79809,1.79892,1.7997,1.80322,1.80337,1.80756,1.81575,1.81677,1.8256,1.83392,1.84837,45.49,45.25,0.01766,0.017845,3.17E+00,-1.31E-02,2.84E-02,4.14E-04,2.92E-05,-3.27E-07,0.2992,0.2371,0.5577,0.2494,0.2347,0.4948,-0.0012,-0.0105,1,4,1,3,62,75,,104,4.89,A,117
D-ZLaF52LA,810410,1.78939,1.79412,1.80082,1.8041,1.80503,1.8059,1.80982,1.81,1.81469,1.82386,1.82502,1.83511,1.84471,1.86173,40.99,40.75,0.01976,0.01999,3.18E+00,-8.49E-03,3.71E-02,-1.10E-03,2.44E-04,-8.95E-06,0.2986,0.2373,0.5693,0.2486,0.2346,0.5048,-0.0032,-0.0066,1,3,1,6,66,83,662,109,4.56,B,59
D-ZLaF61,821427,1.80067,1.80538,1.81188,1.81507,1.81597,1.81682,1.82063,1.8208,1.82536,1.83432,1.83544,1.8452,1.85445,1.8707,42.66,42.39,0.01924,0.01947,3.23E+00,-1.41E-02,2.90E-02,1.09E-03,-4.61E-05,4.29E-06,0.2976,0.237,0.5655,0.2479,0.2342,0.5009,-0.0009,-0.0075,1,4,2,3,66,85,691,94,4.92,B,114
D-ZLaF67,884372,1.85969,1.86519,1.87298,1.87685,1.87795,1.87898,1.88364,1.88385,1.88948,1.90061,1.90202,1.91434,1.92613,1.94731,37.2,36.95,0.02376,0.02407,3.44E+00,-1.43E-02,3.70E-02,1.31E-03,-2.84E-05,5.77E-06,0.2946,0.237,0.5779,0.2451,0.2339,0.5118,-0.0008,-0.0045,1,3,1,2,67,85,670,97,5.5,A,186
D-ZLaF81,809410,1.78831,1.79302,1.79967,1.80294,1.80385,1.80472,1.80863,1.8088,1.81348,1.82266,1.82383,1.83389,1.84352,1.8605,41,40.71,0.019727,0.01998,3.17E+00,-9.84E-03,3.49E-02,-5.20E-04,1.79E-04,-6.31E-06,0.2973,0.2372,0.5694,0.2476,0.2342,0.5036,-0.0017,-0.0065,1,3,1,6,64,81,668,,4.55,B,58
D-ZLaF85L,854406,1.83192,1.83694,1.84398,1.84746,1.84844,1.84936,1.85351,1.8537,1.85869,1.8685,1.86972,1.88043,1.8906,1.90851,40.58,40.34,0.021038,0.021288,3.33E+00,-1.26E-02,3.46E-02,5.46E-04,4.29E-05,2.51E-07,0.2967,0.2371,0.5674,0.2473,0.2344,0.503,-0.0013,-0.0092,1,3,1,5,63,77,677,104,5.28,A,188
